01400013083|Књ. 55,
01400013060|Књ. 54,
01400009800|књ. 25,
01400009801|књ. 26,
01400009802|књ. 27,
01400004114|Kњ. 31+Књ. 32,
01400014360|књ. 61,
01400014361|књ. 61,
01400001062|knj. 3,
01400001063|Knj. 6,
01400005419|Књ. 1,
01400014351|књ. 58,
01400014350|књ. 57,
01400001037|Кnj. 25-26 = (Кnj. 81-82 celokupnog izdanja),
01400002364|књ. 53,
01400002362|Knj. 17,
01400002363|књ. 52,
01400002361|Knj. 17,
01400003690|књ. 29,
01400013026|Knj. 504,
01400014357|књ. 60,
01400013025|Knj. 503,
01400014356|књ. 59,
01400005408|књ. 2 (1929) + књ. 1 (1930),
01400014359|књ. 60,
01400005409|књ. 5,
01400014358|књ. 60,
01400013022|Knj. 497-500,
01400014353|књ. 58,
01400014352|књ. 58,
01400013024|Knj. 502,
01400014355|књ. 59,
01400013023|Knj. 501,
01400014354|књ. 59,
01400001048|Нова серија, књига 15/16,
01400001043|Књ. 31,
01400002371|Књ. 8,
01400002372|Књ. 8,
01400014349|књ. 57,
01400013014|Књ. 37,
01400014348|књ. 57,
01400014347|књ. 56,
01400001937|књ. 9,
01400001932|Књ. 4,
01400000601|knj. 3,
01400008574|књ. 39,
01400013917|Књ. 29 Плус библиотека Савременика,
01400008573|књ. 38,
01400010899|Књ. 3,
01400010898|Књ. 1,
01400001947|Књ. 5,
01400001946|Нова серија књ. 3,
01400001941|Knj. 4,
01400007230|Књ. 14,
01400013906|vol. 27-28,
01400008565|Knj. 50 = (Knj. 103 celokupnog izdanja),
01400008567|Књ. 52 = (Књ. 105 целокупног издања),
01400008566|Knj. 51 = (Knj. 104 celokupnog izdanja),
01400013916|Књ. 30-31 Плус библиотека Савременика,
01400001938|књ. 17,
01400004189|Књ.30, 
01400004187|Књ.1+Књ.3, 
01400010873|Књ. 13, 
01400007229|Књ. 12, 
01400004180|књ. 8, 
01400010870|књ. 9, Нова серија, 
01400010872|Књ. 12, 
01400001905|Kњ. 3, 
01400001906|Kњ. 4, 
01400007210|Knj. 389, 
01400007212|Knj. 393, 
01400007211|Knj. 391, 
01400010866|књ. 5, Нова серија, 
01400007214|Knj. 395, 
01400010867|књ. 6, Нова серија, 
01400007213|Knj. 394, 
01400010868|књ. 7, Нова серија, 
01400010869|књ. 8, Нова серија, 
01400010862|књ. 1, Нова серија, 
01400010863|књ. 2, Нова серија, 
01400004193|Књ.41, 
01400010864|књ. 3, Нова серија, 
01400004192|Књ.39, 
01400010865|књ. 4, Нова серија, 
01400004190|Књ.35, 
01400007201|Knj. 332-333, 
01400007203|Knj. 366-369, 
01400007202|Knj. 357-358, 
01400007205|Knj. 373-374, 
01400007204|Knj. 370-372, 
01400007207|Knj. 378-379, 
01400004160|Књ. 11, 
01400007206|Knj. 376-377, 
01400007209|Knj. 387, 
01400007208|Knj. 380, 
01400001903|Kњ. 1, 
01400001904|Kњ. 2, 
01400010844|Књ. 1, 
01400010827|Vol. 5, 
01400010828|Vol. 6, 
01400010829|Vol. 7, 
01400010833|Vol. 23, 
01400010830|Vol. 8, 
01400010831|Vol. 9, 
01400010832|Vol. 11, 
01400013096|Knj. 505-508, 
01400013093|књ. 40, 
01400004158|Knj. 6, 
01400008500|Књ. 47, 
01400008503|Књ. 29, 
01400008504|Књ. 30, 
01400008507|Савременик плус, 
01400013099|Књ. 72, 
01400003712|Кnj. 41-43 = (Кnj. 97-99 celokupnog izdanja), 
01400009021|Књ. 17 (34), 
01400009020|Књ. 16 (33), 
01400009023|Књ. 18 (35), 
01400009022|Књ. 19 (36), 
01400009025|Књ. 21 (38), 
01400000680|књ. 19, 
01400009024|Књ. 20 (37), 
01400009027|Књ. 23 (40), 
01400009026|Књ. 22 (39), 
01400000681|књ. 20, 
01400009029|Књ. 25 (42), 
01400010018|Knj. 4 (sv. 1), 
01400009028|Књ. 24 (41), 
01400010017|Knj. 3/2, 
01400010016|Knj. 3, 
01400010015|Knj. 2, 
01400012677|Савременик плус, 
01400010019|Knj. 4 (sv. 2), 
01400010014|Knj. 1, 
01400012670|Књ. 53, 
01400000699|Књ. 30, 
01400003726|Књ. 3-4+5/6+7, 
01400003725|Књ. 1/2+3-4+5/6+7-8+9/10, 
01400000698|књ. 25, 
01400003724|Књ. 1+9/10, 
01400003723|Књ. 2 , 4/5+6/7+8+9/10, 
01400003722|Књ. 3+9/10, 
01400000697|Knj. 2, 
01400000696|Knj. 1, 
01400000693|Књ. 2, 
01400000692|Књ. 12-13, 
01400012666|Књ. 64, 
01400000669|Vol. 4, 
01400000668|Кnj. 24-25 = (Кnj. 80-81 celokupnog izdanja), 
01400000667|Кnj. 22-23= (Кnj. 78-79 celokupnog izdanja), 
01400001992|књ. 50, 
01400001993|Књ. 51, 
01400009000|књ. 34, Нова серија, 
01400009009|Књ. 3 другог кола = (Књ. 20), 
01400012655|књ. 52, 
01400012651|књ. 50, 
01400012652|књ. 52, 
01400012653|књ. 48, 
01400012654|књ. 48, 
01400012650|књ. 47, 
01400012648|књ. 45, 
01400012649|књ. 46, 
01400013978|vol. 31-32, 
01400013977|vol. 35-36, 
01400012647|књ. 40, 
01400013973|Књ. 76, 
01400001989|Knj. 16, 
01400001988|Knj. 15, 
01400000652|Vol. 3, 
01400012619|Савременик плус, 
01400012629|Књ. 66, 
01400000622|Knj. 3, 
01400000621|Knj. 3, 
01400000623|Knj. 4, 
01400000620|Knj. 9, 
01400008594|Knj. 419, 
01400008593|Knj. 417, 
01400012608|Књ. 114, 
01400008596|Knj. 425, 
01400012609|Књ. 114, 
01400008595|Knj. 420, 
01400008598|Knj. 433, 
01400008597|Knj. 431, 
01400008599|Knj. 443, 
01400012618|Савременик плус, 
01400000619|Knj. 9, 
01400001965|Књ. 2+3, 
01400001966|књ. 2, 
01400001964|knj. 8, 
01400007252|Одељење друштвених наука  Књ. 26, 
01400008587|Књ. 44, 
01400008586|Књ. 43, 
01400010090|књ. 25, 
01400014450|Књ. 25, 
01400010094|књ. 29, 
01400010093|књ. 28, 
01400010092|књ. 27, 
01400002469|Књ. 16, 
01400010091|књ. 26, 
01400002467|Књ. 14, 
01400002468|Књ. 15, 
01400002465|Књ. 11, 
01400002463|Књ. 9, 
01400002464|Књ. 10, 
01400001130|књ. 2, 
01400006830|књ. 31, 
01400006831|књ. 32, 
01400006832|књ. 33, 
01400013128|Савременик плус, 
01400006833|књ. 34, 
01400006834|књ. 35, 
01400006835|књ. 36, 
01400010098|књ. 33, 
01400010097|књ. 32, 
01400010096|књ. 31, 
01400013127|Савременик плус, 
01400010095|књ. 30, 
01400005508|Knj.1, 
01400014457|Књ. 79, 
01400014452|Књ. 27, 
01400014451|Књ. 26, 
01400010099|књ. 34, 
01400010083|књ. 18, 
01400010082|књ. 17, 
01400010081|књ. 16, 
01400010080|књ. 15, 
01400002474|св. 2-3, 
01400002475|св. 1-2 , 4, 
01400002472|св. 1 , 3-4, 
01400002473|св. 1, 
01400002470|Књ. 17, 
01400002471|Књ. 18, 
01400010087|књ. 22, 
01400010086|књ. 21, 
01400006826|књ. 27, 
01400010085|књ. 20, 
01400006827|књ. 28, 
01400010084|књ. 19, 
01400006828|књ. 29, 
01400006829|књ. 30, 
01400010089|књ. 24, 
01400010088|књ. 23, 
01400010072|књ. 6, 
01400001119|Knj. 8, 
01400010071|књ. 5, 
01400010070|књ. 4, 
01400003776|књ. 30, 
01400003773|Књ.  1-6+7/8+9-12, 
01400013107|vol. 2, 
01400013106|vol. 1, 
01400013109|Књ. 118+120, 
01400013108|Књ. 38, 
01400010076|књ. 11, 
01400013103|књ. 63, 
01400010075|књ. 10, 
01400010074|књ. 9, 
01400013105|Књ. 71, 
01400010073|књ. 7, 
01400013104|књ. 33, Нова серија, 
01400010079|књ. 14, 
01400010078|књ. 13, 
01400013101|књ. 37+38, Нова серија, 
01400010077|књ. 12, 
01400011392|Књ. 1, 
01400010061|књ. 14, 
01400010060|књ. 13, 
01400002452|књ. 9, 
01400003783|св. 53, 
01400002453|књ. 10, 
01400001120|Knj. 9, 
01400002451|књ. 6, 
01400014427|Књ. 76, 
01400011397|Књ. 9, 
01400010065|књ. 19, 
01400011398|Књ. 10, 
01400010064|књ. 18, 
01400011399|Књ. 11, 
01400010063|књ. 17, 
01400010062|књ. 16, 
01400011393|Књ. 3, 
01400011394|Књ. 4, 
01400011395|Књ. 5, 
01400011396|Књ. 6, 
01400010066|књ. 20, 
01400009061|Knj. 8, 
01400009060|Knj. 3, 
01400009063|Knj. 8, 
01400009062|Knj. 6, 
01400003755|knj. 2, 
01400010059|књ. 12, 
01400010054|књ. 8, 
01400010053|књ. 1, 
01400010058|књ. 11, 
01400010057|књ. 10, 
01400010056|књ. 9, 
01400010055|књ. 7, 
01400002438|knj. 12, 
01400009050|Књ. 5= (Књ. 64 целокупног издања ), 
01400002439|Knj. 7, 
01400009052|Књ. 7= (Књ. 66 целокупног издања ), 
01400002437|knj. 10, 
01400009051|Књ. 6= (Књ. 65 целокупног издања ), 
01400009054|Књ. 9= (Књ. 68 целокупног издања ), 
01400009053|Књ. 8= (Књ. 67 целокупног издања ), 
01400002435|Т. 2, 
01400009056|Кnj. 12= (Кnj. 71 celokupnog izdanja ), 
01400009055|Кnj. 10= (Кnj. 69 celokupnog izdanja ), 
01400009058|Кnj. 14= (Кnj. 73 celokupnog izdanja), 
01400009057|Кnj. 13= (Кnj. 72 celokupnog izdanja), 
01400009059|Књ. 1 (60), 
01400009041|Књ. 37 (54), 
01400009040|Књ. 36 (53), 
01400009043|Књ. 39 (56), 
01400009042|Књ. 38 (55), 
01400009045|Књ. 41 (58), 
01400009044|Књ. 40 (57), 
01400003730|Кн. 4, 
01400009047|Књ. 2= (Књ. 61 целокупног издања ), 
01400009046|Књ. 2= (Књ. 61 целокупног издања ), 
01400009049|Књ. 4= (Књ. 63 целокупног издања ), 
01400009048|Књ. 3= (Књ. 62 целокупног издања ), 
01400012697|св. 1, 
01400003749|књ. 59, 
01400003748|књ. 40, 
01400009030|Књ. 26 (43), 
01400003746|Knj. 36, 
01400003745|Knj. 20, 
01400009032|Књ. 28 (45), 
01400003744|Knj. 28, 
01400009031|Књ. 27 (44), 
01400009034|Књ. 30 (47), 
01400009033|Књ. 29 (46), 
01400009036|Књ. 32 (49), 
01400003740|knj. 46, 
01400009035|Књ. 31 (48), 
01400009038|Књ. 34 (51), 
01400009037|Књ. 33 (50), 
01400009039|Књ. 35 (52), 
01400010021|Knj. 6 (sv. 2), 
01400010020|Knj. 6 (sv. 1), 
01400004009|Књ. 2, 
01400006671|књ. 25, 
01400006672|књ. 26, 
01400004000|књ. 7/8 (д. н. 3/4), 
01400009709|књ. 3, 
01400009708|књ. 1+2, 
01400004019|Књ. 15, 
01400004018|Књ. 14, 
01400004016|Књ. 10, 
01400004015|Књ. 9, 
01400004014|Књ. 8, део други, 
01400004013|Књ. 7, 
01400007993|Књ. 39, 
01400004012|Књ. 6, 
01400007992|Књ. 27, 
01400004011|Књ. 4, 
01400006663|Књ. 85, 
01400007995|Књ. 42, 
01400004010|Књ. 3, 
01400007994|Књ. 40, 
01400007997|Књ. 46, 
01400007996|Књ. 45, 
01400006667|Књ. 43, 
01400007999|Књ. 49+50, 
01400007998|Књ. 47+48, 
01400014272|Tome 49, 
01400014271|Tome 54, 
01400014274|vol. 35, 
01400014273|Tome 50, 
01400014270|Tome 53, 
01400005323|Књ. 24, 
01400002281|књ. 6, 
01400005325|Том. 3, 
01400014269|Tome 52, 
01400014268|Tome 51, 
01400014265|Tome 46, 
01400014267|Tome 48, 
01400014266|Tome 47, 
01400003598|књ. 38, 
01400003597|knj. 2, 
01400003596|knj. 1, 
01400002263|Књ. 33, 
01400005306|knj. 1+2, 
01400002278|Књ. 7, 
01400002279|Књ. 9, 
01400014242|Књ. 1, 
01400014230|vol. 8-9, 
01400003578|Knj. 6, 
01400003577|Књ. 2, 
01400002242|књ. 32, 
01400014239|Књ. 23, 
01400014238|Књ. 22, 
01400014237|Књ. 38, 
01400014232|vol. 13-15, 
01400014231|vol. 11, 
01400002255|књ. 27, 
01400007933|књ. 28, Нова серија, 
01400007932|књ. 28, Нова серија, 
01400014228|vol. 37-38, 
01400014225|Tome 39, 
01400014224|Tome 44, 
01400014227|vol. 33-34, 
01400014226|Tome 45, 
01400014221|Tome 43, 
01400014220|Tome 42, 
01400014223|Tome 44, 
01400014222|Tome 43, 
01400001811|Tome 2, 
01400001810|Књ. 6, 
01400009785|књ. 10, 
01400009786|књ. 11, 
01400009783|књ. 8, 
01400009784|књ. 9, 
01400009789|књ. 14, 
01400009787|књ. 12, 
01400009788|књ. 13, 
01400001808|књ. 11, 
01400001809|Књ. 3 + Knj. 4, 
01400001820|Књ. 11, 
01400009770|knj. 1+2, 
01400009771|knj. 1+2, 
01400009772|knj. 1+2, 
01400009773|knj. 1+2, 
01400009778|књ. 2, 
01400009779|књ. 3, 
01400008448|Савременик плус, 
01400009777|књ. 1, 
01400008447|Савременик плус, 
01400008449|Савременик плус, 
01400007100|Књ. 35, 
01400009768|knj. 1+2, 
01400009769|knj. 1+2, 
01400001804|knj. 3, 
01400001805|Књ. 11, 
01400001802|књ. 16, 
01400001803|књ. 18, 
01400008420|књ. 55, 
01400005381|књ. 13, 
01400008419|књ. 54, 
01400005370|Књ. 13, 
01400005371|Том. 1, 
01400010716|књ. 20, 
01400009730|Трећа серија, књига 12, 
01400010717|књ. 22, 
01400009731|Трећа серија, књига 13+14, 
01400005375|Knj. 23, 
01400005376|Knj. 24, 
01400009732|Нова серија, књига 1, 
01400004027|Knj. 4, 
01400009720|Трећа серија, књига 1, 
01400004022|Књ. 26, 
01400010712|књ. 14, 
01400009723|Трећа серија, књига 3, 
01400004021|Књ. 24, 
01400009724|Трећа серија, књига 3, 
01400004020|Књ. 16, 
01400010714|књ. 19, 
01400009721|Трећа серија, књига 2, 
01400010715|књ. 21, 
01400009722|Трећа серија, књига 2, 
01400009727|Трећа серија, књига 5, 
01400009728|Трећа серија, књига 6, 
01400010710|књ. 3, 
01400009725|Трећа серија, књига 4, 
01400010711|књ. 13, 
01400009726|Трећа серија, књига 4, 
01400009729|Трећа серија, књига 10/11, 
01400010702|knj. 1, 
01400009710|књ. 18, 
01400010703|knj. 2, 
01400004030|књ. 2, 
01400005359|књ. 64, 
01400009719|Трећа серија, књига 1, 
01400004929|Одељење друштвених наука  Књ. 18, 
01400004928|књ. 29, 
01400001899|Књ. 35, 
01400000567|књ. 58 (н.с.), 
01400000566|књ. 57 (н.с.), 
01400000569|књ. 60 (н.с.), 
01400001898|Књ. 34, 
01400000568|књ. 59 (н.с.), 
01400000563|књ. 54 (н.с.), 
01400001895|књ. 16, 
01410008330|Књ. 2, 
01400000562|књ. 53 (н.с.), 
01400001896|Књ. 10, 
01410008331|Књ. 1, 
01400001893|књ. 24, 
01400000565|књ. 56 (н.с.), 
01400000564|књ. 55 (н.с.), 
01400001891|Књ. 21, 
01400001892|књ. 27, 
01400000561|књ. 52 (н.с.), 
01410008332|Књ. 2, 
01400001890|Књ. 20, 
01400000560|књ. 51 (н.с.), 
01400012553|Књ. 68+69, 
01400012554|Књ. 70, 
01400012555|Књ. 35, 
01400004939|књ. 19, Нова серија, 
01400004938|књ. 18, Нова серија, 
01400004937|књ. 17, Нова серија, 
01400003605|Knj. 34, 
01400004936|књ. 16, Нова серија, 
01400004935|књ. 15, Нова серија, 
01400003603|Knj. 19, 
01400004934|књ. 14, Нова серија, 
01400003602|Knj. 26, 
01400004933|књ. 13, Нова серија, 
01400003601|Knj. 26, 
01400004932|књ. 12, Нова серија, 
01400004931|књ. 11, Нова серија, 
01400013878|vol. 31-32, 
01400012540|Knj. 7, 
01400000549|књ. 38 (н.с.), 
01400000548|књ. 37 (н.с.), 
01400001879|књ. 6, 
01400001877|књ. 26, 
01400000545|књ. 34 (н.с.), 
01400004903|књ. 16, 
01400000544|књ. 33 (н.с.), 
01400004902|књ. 15, 
01400007182|Књ. 28, 
01400000547|књ. 36 (н.с.), 
01400004901|Књ. 15, 
01400000546|књ. 35 (н.с.), 
01400004900|Књ. 14, 
01400000541|књ. 30 (н.с.), 
01400000540|књ. 29 (н.с.), 
01400001871|Knj. 1, 
01400000543|књ. 32 (н.с.), 
01400001872|Knj. 2, 
01400000542|књ. 31 (н.с.), 
01410008310|Књ. 1, 
01410008311|Књ. 2, 
01400012538|Knj. 6 (Sv. 1+2), 
01410008316|Књ. 1, 
01400012539|Knj. 7, 
01410008317|Књ. 2, 
01400011203|Књ. 2, 
01400012535|Knj. 6 (sv. 1), 
01400011204|Књ. 3, 
01400012536|Knj. 6 (sv. 2), 
01400011205|Књ. 4, 
01410008318|Књ. 3, 
01400012537|Knj. 6 (Sv. 1), 
01400011202|Књ. 1, 
01400000559|књ. 50 (н.с.), 
01400001888|Књ. 30, 
01400000556|књ. 47 (н.с.), 
01400001889|Књ. 18, 
01400000555|књ. 46 (н.с.), 
01400004913|књ. 20, 
01400001886|Књ. 2-3, 
01400000558|књ. 49 (н.с.), 
01400004912|књ. 16, 
01400001887|Књ. 1, 
01400000557|књ. 48 (н.с.), 
01400004911|књ. 15, 
01400007173|Knj. 55-56, 
01400000552|књ. 42 (н.с.), 
01400004910|књ. 9/10, 
01400001885|Књ. 11, 
01400000551|књ. 41 (н.с.), 
01400007175|Knj. 57, 
01400000554|књ. 45 (н.с.), 
01400007174|Knj. 56, 
01400000553|књ. 44 (н.с.), 
01400001880|књ. 5, 
01400007177|Knj. 59, 
01400007176|Knj. 58, 
01400000550|књ. 39 (н.с.), 
01400007178|Knj. 60, 
01410008327|Књ. 3, 
01400012528|knj. 2, 
01410008325|Књ. 1, 
01410008326|Књ. 2, 
01400012523|Књ. 58 = (Књ. 111 целокупног издања), 
01400012524|Књ. 59 = (Књ. 112 целокупног издања) + Књ. 61 = (Књ. 113 целокупног издања) + Књ. 62 = (Књ. 114 целокупног издања), 
01400012525|Књ. 63 = (Књ. 115 целокупног издања) + Књ. 64 = (Књ. 116 целокупног издања), 
01410008329|Књ. 1, 
01400013856|vol. 29-30, 
01400013851|књ. 37, 
01400012520|Књ. 54 = (Књ. 107 целокупног издања), 
01400012521|Књ. 54 = (Књ. 107 целокупног издања), 
01400012522|Књ. 58 = (Књ. 111 целокупног издања), 
01400004908|књ. 3, 
01400000527|књ. 15 (н.с.), 
01400000526|књ. 14 (н.с.), 
01400000529|књ. 18 (н.с.), 
01400000528|књ. 16 (н.с.), 
01400000523|књ. 11 (н.с.), 
01400000522|књ. 10 (н.с.), 
01400001853|Књ. 74, 
01400000525|књ. 13 (н.с.), 
01400000524|књ. 12 (н.с.), 
01400000521|књ. 9 (н.с.), 
01400008495|Нова серија, књига 49, 
01400000520|књ. 8 (н.с.), 
01400008497|Књ. 44, 
01400008499|Књ. 46, 
01400008498|Књ. 45, 
01400012519|Knj. 35 = (Knj. 94 celokupnog izdanja), 
01400013843|Књ. 74, 
01400013846|Књ. 15, 
01400000519|књ. 7 (н.с.), 
01400000538|књ. 27 (н.с.), 
01400000537|књ. 26 (н.с.), 
01400001868|Књ. 10, 
01400000539|књ. 28 (н.с.), 
01400001866|Књ. 1, 
01400000534|књ. 23 (н.с.), 
01400001867|Књ. 7-8, 
01400000533|књ. 22 (н.с.), 
01400000536|књ. 25 (н.с.), 
01400000535|књ. 24 (н.с.), 
01400008482|Knj. 30, 
01400001862|Knj. 2, 
01400000530|књ. 19 (н.с.), 
01400008484|Knj. 32, 
01400000532|књ. 21 (н.с.), 
01400008483|Knj. 30, 
01400000531|књ. 20 (н.с.), 
01400013837|Књ. 59, 
01400012506|књ. 35, Нова серија, 
01400000505|књ. 36, 
01400001835|Књ. 34, 
01400001836|Књ. 1-6 , 9-12, 
01400000506|књ. 37, 
01400000500|књ. 18, 
01400001831|Књ. 1, 
01400001832|Књ. 8, 
01400001828|Књ. 16-17, 
01400001829|књ. 24, 
01400000516|књ. 4 (н.с.), 
01400000515|књ. 3 (н.с.), 
01400000518|књ. 6 (н.с.), 
01400000517|књ. 5 (н.с.), 
01400000514|књ. 2 (н.с.), 
01400000513|књ. 1 (н.с.), 
01400009792|књ. 17, 
01400009793|књ. 18, 
01400009790|књ. 15, 
01400000510|Tome 1er   Du 20 Octobre 1916 a fin Decembre 1917, 
01400008462|књ. 1-2, 
01400009791|књ. 16, 
01400008461|књ. 1-3, 
01400009796|књ. 21, 
01400009797|књ. 22, 
01400009794|књ. 19, 
01400008466|Књ. 18/19, 
01400009795|књ. 20, 
01400009798|књ. 23, 
01400009799|књ. 24, 
01400000509|Vol. 17, 
01400001019|књ. 8, 
01400001017|књ. 6, 
01400002348|књ. 2, 
01400001018|књ. 7, 
01400001015|књ. 4 - св. 1, 
01400001016|књ. 5, 
01400003677|knj. 1, 
01400003676|књ. 58, 
01400002344|Књ. 30, 
01400002345|Vol. 10, 
01400002341|Књ.31, 
01400003670|књ. 39, 
01400006713|књ. 17, 
01400006714|књ. 18, 
01400003687|Knj. 4, 
01400001022|књ. 12, 
01400003685|Knj. 32, 
01400003684|Knj. 35, 
01400002351|Књ. 31-32, 
01400001020|књ. 9, 
01400003683|knj. 45, 
01400002352|Књ. 33, 
01400001021|књ. 10, 
01400002350|knj. 1, 
01400014325|Књ. 77, 
01400006709|Књ. 11, 
01400002326|Књ. 6 (Том 6), 
01400003657|Knj. 20, 
01400002327|Књ. 4 (Том 4), 
01400004985|књ. 33, 
01400004984|Одељење друштвених наука  Књ. 20, 
01400004983|knj. 1+2, 
01400004982|Нова серија, књига 27, 
01400004980|Knj. 44, 
01400003669|књ. 33, 
01400003668|књ. 35, 
01400003667|књ. 34, 
01400003666|Knj. 28, 
01400003665|Knj. 27, 
01400003664|Knj. 27, 
01400004995|knj. 53, 
01400014306|vol. 26, 
01400002304|књ. 4, 
01400002305|књ. 5, 
01400002302|књ. 1, 
01400002303|књ. 2, 
01400003632|Књ.  2-6+7/8+9-12, 
01400011262|Књ. 27, 
01400011263|Књ. 36, 
01400004979|Knj. 43-44, 
01400002318|Књ. 5, 
01400003648|Нова серија, књига 22, 
01400004978|Knj. 42, 
01400004977|Knj. 35, 
01400002316|Knj. 34, 
01400003645|Кnj. 48-50 = (Кnj. 104-106 celokupnog izdanja), 
01400004976|Knj. 35, 
01400004975|Kњ. 2, 
01400004974|књ. 66, 
01400004973|књ. 65, 
01400004972|књ. 65, 
01400003614|књ. 57, 
01400004943|књ. 23, Нова серија, 
01400004942|књ. 22, Нова серија, 
01400004941|књ. 21, Нова серија, 
01400004940|књ. 20, Нова серија, 
01400000599|Књ. 3, 
01400000598|Књ. 1-2, 
01400013898|Књ. 15 , 17 Плус библиотека Савременика, 
01400003035|Књ. 23, 
01400003031|Књ.  1-6+7/8+9-12, 
01400004362|Књ. 2, 
01400008731|Књ. 83, 
01400008734|Књ. 105, 
01400008733|Књ. 105+110, 
01400008736|Књ. 105+106, 
01400008735|Књ. 105, 
01400008738|Књ. 103, 
01400008737|Књ. 105+106, 
01400008739|Књ. 103, 
01400004347|Knj. 22, 
01400004346|Knj. 19, 
01400005680|Књ. 16, 
01400004345|Knj. 18, 
01400005681|Књ. 16, 
01400004344|Knj. 16, 
01400005682|Књ. 44, 
01400004343|Knj. 15, 
01400005683|Књ. 45, 
01400004342|Knj. 14, 
01400005684|Књ. 46, 
01400004341|Knj. 13, 
01400004340|Knj. 12, 
01400005685|Одељење друштвених наука  Књ. 21, 
01400008714|Књ. 17, 
01400008713|Књ. 16, 
01400008715|Књ. 18, 
01400013293|књ. 56, 
01400013290|књ. 55, 
01400003024|књ. 55, 
01400003023|књ. 54, 
01400005678|Књ. 15, 
01400005679|Књ. 15, 
01400008707|Књ. 59, 
01400008706|Књ. 57, 
01400008708|Књ. 59, 
01400001299|Kњ. 3, 
01400005666|knj. 1, 
01400006998|knj. 7+8 Nova serija, 
01400005667|knj. 2, 
01400006999|Knj. 8 Nova serija, 
01400005668|knj. 1, 
01400005669|knj. 2, 
01400013289|књ. 54, 
01400003009|Knj. 18, 
01400003008|Knj. 17+18, 
01400004339|Knj. 11, 
01400004338|Knj. 10, 
01400004337|Knj. 9, 
01400004336|Knj. 8, 
01400004335|Knj. 6, 
01400003003|Knj. 24, 
01400004334|Knj. 5, 
01400003002|Knj. 23, 
01400004333|Knj. 4, 
01400003001|Knj. 23, 
01400006980|Књ. 94+95, 
01400004332|Knj. 3, 
01400005650|књ. 69, 
01400004331|Knj. 1, 
01400005651|књ. 70, 
01400005652|књ. 70, 
01400005653|књ. 71, 
01400005654|књ. 71, 
01400005655|књ. 72, 
01400005656|Књ. 72, 
01400005657|Књ. 72, 
01400001273|књ. 45, 
01400006970|Књ. 82, 
01400006971|Књ. 82, 
01400001272|књ. 43, 
01400006972|Књ. 88, 
01400006973|Књ. 88, 
01400006974|Књ. 89, 
01400006975|Књ. 89, 
01400006976|Књ. 89, 
01400006977|Књ. 89+90, 
01400006978|Књ. 91, 
01400006979|Књ. 91-93, 
01400005649|књ. 69, 
01400001286|Knj. 13, 
01400001285|Knj. 13, 
01400005630|Knj. 28, 
01400005631|Knj. 28, 
01400005632|Knj. 28, 
01400006964|књ. 69, 
01400006965|књ. 71, 
01400006966|Књ. 83, 
01400006967|Књ. 83, 
01400006968|Књ. 85, 
01400006969|Књ. 86, 
01400014586|Књ. 13, 
01400012829|Књ. 36, 
01400011507|Књ. 2, 
01400011500|Књ. 22, 
01400011501|Књ. 27, 
01400012833|Књ. 54, 
01400007470|Књ. 40, 
01400007472|Књ. 42, 
01400007471|Књ. 41, 
01400012820|Књ. 22, 
01400006130|knj. 2, 
01400007463|Књ. 31, 
01400012806|св. 86, 
01400006131|knj. 1, 
01400006132|knj. 2, 
01400008796|књ. 25, 
01400007465|Књ. 33, 
01400008795|књ. 24, 
01400007464|Књ. 32, 
01400008798|књ. 27, 
01400007467|Књ. 35, 
01400008797|књ. 26, 
01400007466|Књ. 34, 
01400007469|Књ. 38, 
01400008799|књ. 28, 
01400007468|Књ. 36/37, 
01400006121|knj. 1, 
01400006122|knj. 2, 
01400006123|knj. 1, 
01400006124|knj. 2, 
01400012803|св. 48, 
01400006125|knj. 1, 
01400012804|св. 61, 
01400006126|knj. 2, 
01400012805|св. 62, 
01400006127|knj. 1, 
01400006128|knj. 2, 
01400006129|knj. 1, 
01400006113|књ. 42+?, 
01400008776|Књ. 63+64, 
01400008777|Књ. 65+66, 
01400003072|Vol. 25, 
01400003071|Књ. 22, 
01400000812|Књ. 29, 
01400000815|књ. 8, 
01400006100|Knj. 33, 
01400006101|Knj. 33, 
01400006102|Knj. 33, 
01400006103|Knj. 33, 
01400008754|Књ. 4 другог кола = (Књ. 21), 
01400008756|Књ. 19 (36), 
01400008757|Књ. 33 (50), 
01400004399|Књ. 29, 
01400004398|Књ. 28, 
01400008740|Књ. 103+104, 
01400004397|Књ. 27, 
01400004396|Књ. 26, 
01400004395|Књ. 25, 
01400004394|Књ. 23, 
01400004393|Књ. 22, 
01400004392|Књ. 19, 
01400003060|Књ. 36, 
01400004391|Књ. 18, 
01400008748|Књ. 71, 
01400009269|Knj. 2, 
01400009268|Knj. 1, 
01400010259|Књ. 4, 
01400010258|Књ. 3, 
01400010257|Књ. 2, 
01400014614|Књ. 80, 
01400011588|Други разред  Књ. 94, 
01400011589|Други разред  Књ. 95, 
01400010252|књ. 3, 
01400011584|Други разред  Књ. 91, 
01400010251|књ. 2, 
01400011585|Други разред  Књ. 89, 
01400010250|књ. 1, 
01400011586|Други разред  Књ. 92, 
01400011587|Други разред  Књ. 93, 
01400010256|Књ. 1, 
01400011581|Други разред  Књ. 87, 
01400010254|књ. 5, 
01400011582|Други разред  Књ. 88, 
01400010253|књ. 4, 
01400011583|Други разред  Књ. 90, 
01400001300|Kњ. 4, 
01400014607|Књ. 62, 
01400011577|Други разред  Књ. 83, 
01400011578|Други разред  Књ. 84, 
01400011579|Други разред  Књ. 85, 
01400014604|Књ. 77, 
01400010241|књ. 1, 
01400011573|Други разред  Књ. 79, 
01400011574|Други разред  Књ. 81, 
01400011575|Други разред  Књ. 80, 
01400011576|Други разред  Књ. 82, 
01400010244|Књ. 6, 
01400011570|Други разред  Књ. 76, 
01400010243|knj. 5, 
01400011571|Други разред  Књ. 75, 
01400010242|књ. 4, 
01400011572|Други разред  Књ. 77, 
01400003936|Knj. 8, 
01400002601|св. 50, 
01400002602|св. 51, 
01400002600|св. 49, 
01400011566|Други разред  Књ. 72, 
01400012898|Књ. 53, 
01400011567|Други разред  Књ. 71, 
01400011568|Други разред  Књ. 73, 
01400011569|Други разред  Књ. 74, 
01400011562|Други разред  Књ. 67, 
01400011563|Други разред  Књ. 68, 
01400011564|Други разред  Књ. 69, 
01400011565|Други разред  Књ. 70, 
01400011560|Други разред  Књ. 65, 
01400011561|Други разред  Књ. 66, 
01400011559|Други разред  Књ. 64, 
01400011555|Други разред  Књ. 59, 
01400011556|Други разред  Књ. 61, 
01400011557|Други разред  Књ. 62, 
01400011558|Други разред  Књ. 63, 
01400011551|Други разред  Књ. 56, 
01400011552|Други разред  Књ. 57, 
01400011553|Други разред  Књ. 58, 
01400011554|Други разред  Књ. 60, 
01400011550|Други разред  Књ. 54, 
01400003917|Књ. 7, 
01400003916|knj. 6, 
01400006190|Књ. 25-26, 
01400006191|Књ. 29-30, 
01400006192|Књ. 31, 
01400006193|Књ. 32, 
01400006194|Одељење друштвених наука  Књ. 21, 
01400009221|Kњ. 28, 
01400006195|Одељење друштвених наука  Књ. 23, 
01400009220|Kњ. 27, 
01400006196|Одељење друштвених наука  Књ. 24, 
01400009223|Kњ. 30, 
01400009222|Kњ. 29, 
01400011548|Други разред  Књ. 52, 
01400011549|Други разред  Књ. 53, 
01400011544|Други разред  Књ. 46, 
01400011545|Други разред  Књ. 49, 
01400011546|Други разред  Књ. 50, 
01400011547|Други разред  Књ. 51, 
01400011540|Други разред  Књ. 42, 
01400011541|Други разред  Књ. 43, 
01400011542|Други разред  Књ. 44, 
01400011543|Други разред  Књ. 45, 
01400003927|књ. 5, 
01400003926|књ. 4, 
01400006180|Knj. 53, 
01400006181|Knj. 54, 
01400003920|Књ. 5, 
01400006182|Knj. 60, 
01400006183|Knj. 61, 
01400006184|Knj. 62, 
01400009210|Књ. 18+књ.19, 
01400000894|књ. 1-2, 
01400009212|Књ. 20, 
01400009211|Књ. 19, 
01400009214|Kњ. 22, 
01400009213|Књ. 21, 
01400010205|књ. 12, 
01400009216|Kњ. 24, 
01400011537|Други разред  Књ. 38, 
01400010204|књ. 10+11, 
01400009215|Kњ. 23, 
01400011538|Други разред  Књ. 39, 
01400010203|књ. 9, 
01400009218|Kњ. 26, 
01400011539|Други разред  Књ. 40, 
01400010202|књ. 8, 
01400009217|Kњ. 25, 
01400010209|књ. 2, 
01400011533|Други разред  Књ. 34, 
01400009219|Kњ. 26, 
01400010208|књ. 2, 
01400011534|Други разред  Књ. 35, 
01400010207|књ. 14, 
01400011535|Други разред  Књ. 36, 
01400010206|књ. 13, 
01400011536|Други разред  Књ. 37, 
01400010201|књ. 7, 
01400010200|књ. 6, 
01400003919|Књ. 3, 
01400003918|Књ. 2, 
01400000869|Tome 27, 
01400000864|Tome 15, 
01400000863|Tome 14, 
01400000866|Tome 25, 
01400006170|књ. 40, 
01400000865|Tome 16, 
01400006171|књ. 41, 
01400006172|књ. 42, 
01400009201|Књ. 9, 
01400009200|Књ. 8, 
01400009203|Књ. 11, 
01400006178|Knj. 51, 
01400009202|Књ. 10, 
01400006179|Knj. 52, 
01400009205|Књ. 13, 
01400009204|Књ. 12, 
01400009207|Књ. 15, 
01400009206|Књ. 14, 
01400009209|Књ. 17, 
01400009208|Књ. 16, 
01400000875|Нова серија, књига 13/14, 
01400000874|Књ. 3, 
01400000876|књ. 26, 
01400000872|Књ. 27, 
01400011508|Књ. 3, 
01400011509|Књ. 4, 
01400006166|књ. 36, 
01400006167|књ. 37, 
01400006168|књ. 38, 
01400006169|књ. 39, 
01400012847|Књ. 36, 
01400011511|Књ. 6, 
01400011512|Књ. 8, 
01400011513|Књ. 7, 
01400011510|Књ. 5, 
01400014690|књ. 41, Нова серија, 
01410008290|Књ. 3, 
01400070713|књ. 18, 
01410008293|Књ. 2, 
01410008294|Књ. 3, 
01410008291|Књ. 4, 
01410008292|Књ. 1, 
01410008295|Књ. 4, 
01400004400|Књ. 30, 
01400000044|Knj. 2, 
01400000043|Knj. 1, 
01400005740|Knj. 49-50, 
01400005741|Knj. 50, 
01400014699|књ. 40, 
01400014696|vol. 39, 
01400000051|Knj. 6, 
01400000050|Knj. 5, 
01400005738|Knj. 47, 
01400005739|Knj. 49, 
01400014688|vol. 16, 
01400000027|књ. 21, 
01410008275|Књ. 1, 
01410008276|Књ. 2, 
01400000026|књ. 20, 
01410008279|Књ. 1, 
01410008277|Књ. 3, 
01410008278|Књ. 4, 
01400013344|књ. 34, 
01400013340|vol. 16, 
01400013342|Књ. 56, 
01410008282|Књ. 4, 
01410008280|Књ. 2, 
01410008281|Књ. 3, 
01410008286|Књ. 3, 
01400000036|Knj. 4, 
01410008285|Књ. 2, 
01400002694|knj. 9, 
01400001363|Кн. 4, 
01400002692|knj. 9, 
01410008288|Књ. 1, 
01400002693|knj. 9, 
01400001362|Кн. 6, 
01410008289|Књ. 2, 
01400000009|књ. 3, 
01400001338|Књ. 2-3 , 5 , 8/9+10-12, 
01400010292|књ. 13, 
01400000006|Књ. 1 (1881) + Књ. 2 (1882), 
01400000005|Књ. 8 (Том 8), 
01400010291|књ. 12, 
01400003999|књ. 6 (п. н. 2), 
01400010290|књ. 11, 
01400000008|књ. 2, 
01400003998|књ. 3 (д. н. 1), 
01400000007|књ. 1, 
01400003997|књ. 4 (п. н. 1), 
01400000004|књ. 22, 
01400000003|књ. 19, 
01400010296|књ. 17, 
01400010295|књ. 16, 
01400010294|књ. 15, 
01400005705|књ. 53, 
01400010293|књ. 14, 
01400005706|књ. 53+54, 
01400005707|књ. 54, 
01400010299|књ. 20, 
01400010298|књ. 19, 
01400010297|књ. 18, 
01400009290|Tome 9, 
01400010281|књ. 2, 
01400009292|Tome 11, 
01400010280|књ. 1, 
01400009291|Tome 10, 
01400000010|књ. 4/5, 
01400013316|Књ. 121+122, 
01400013317|Књ. 56, 
01400010285|књ. 6, 
01400010284|књ. 5, 
01400010283|књ. 4, 
01400010282|књ. 3, 
01400010289|књ. 8, 
01400010288|књ. 8, 
01400010287|књ. 8, 
01400010286|књ. 7, 
01400010270|Књ. 16, 
01400009281|Tome 37, 
01400003978|Knj. 7, 
01400009280|Tome 37, 
01400003977|Knj. 6, 
01400009283|Tome 38, 
01400009282|Tome 37, 
01400009285|Tome 4, 
01400009284|Tome 37, 
01400001310|књ. 3-4, 
01400009287|Tome 6, 
01400009286|Tome 5, 
01400009289|Tome 8, 
01400009288|Tome 7, 
01400014639|Књ. 28, 
01400014632|Књ. 71, 
01400010274|Књ. 22, 
01400010273|Књ. 21, 
01400010272|Књ. 20, 
01400010271|Књ. 18, 
01400010276|Књ. 24, 
01400010275|Књ. 23, 
01400011590|Други разред  Књ. 96, 
01400001327|Књ. 14-15, 
01400009270|Knj. 1, 
01400001328|књ. 22, 
01400009272|Knj. 1, 
01400009271|Knj. 2, 
01400009274|Tome 62, 
01400009273|Knj. 2, 
01400009276|Tome 55, 
01400009275|Tome 62, 
01400009278|Tome 57, 
01400009277|Tome 56, 
01400009279|Tome 12, 
01400010269|Књ. 15, 
01400010268|Књ. 14, 
01400010263|Књ. 9, 
01400011595|Нова серија Књ. 5, 
01400010262|Књ. 8, 
01400011596|Нова серија Књ. 6, 
01400010261|Књ. 7, 
01400011597|Нова серија Књ. 7, 
01400010260|Књ. 6, 
01400010267|Књ. 13, 
01400011591|Нова серија Књ. 1, 
01400010266|Књ. 12, 
01400011592|Нова серија Књ. 2, 
01400010265|Књ. 11, 
01400011593|Нова серија Књ. 3, 
01400010264|Књ. 10, 
01400011594|Нова серија Књ. 4, 
01400005580|knj. 59+60, 
01400010925|knj. 10, 
01400005581|knj. 60, 
01400010926|knj. 11, 
01400010927|knj. 12, 
01400013194|Књ. 12, 
01400004259|Књ. 25, 
01400004258|Књ. 18, 
01400005570|Knj. 41, 
01400010914|Књ. 23, 
01400004257|Књ. 17, 
01400010915|Vol. 1, 
01400005571|Knj. 41, 
01400010916|Vol. 1, 
01400005572|Knj. 42, 
01400005573|Knj. 42, 
01400005574|Knj. 43, 
01400005575|Knj. 43, 
01400005576|knj. 57, 
01400010924|knj. 9, 
01400005577|knj. 57+58, 
01400005578|knj. 58, 
01400005579|knj. 59, 
01400004229|књ. 18, 
01400010907|Књ. 15+16, 
01400010908|Књ. 17, 
01400004227|књ. 17, 
01400010909|Књ. 18, 
01400010903|Књ. 7+8, 
01400010904|Књ. 9+10, 
01400010905|Књ. 11+12, 
01400001196|књ. 24, 
01400010906|Књ. 13+14, 
01400010910|Књ. 20, 
01400010911|Књ. 19, 
01400001195|књ. 23, 
01400010912|Књ. 21, 
01400001192|Knj. 20, 
01400005566|Knj. 39, 
01400010913|Књ. 22, 
01400005567|Knj. 39, 
01400005568|Knj. 40, 
01400001191|Knj. 19, 
01400005569|Knj. 40, 
01400013171|књ. 48, 
01400004231|књ. 24+25, 
01400010900|Књ. 2+3, 
01400004230|књ. 23, 
01400010901|Књ. 4, 
01400010902|Књ. 5+6, 
01400004209|Knj. 1+knj. 2, 
01400004208|Knj. 1+ knj. 2, 
01400001179|Knj. 10, 
01400001187|Knj. 1, 
01400004212|Knj.2, 
01400001188|Knj. 2, 
01400004211|Knj.1, 
01400001185|књ. 42, 
01400004210|Knj.1, 
01400001186|књ. 43, 
01400001180|Knj. 11-12, 
01400013156|Књ. 55, 
01400013155|Књ. 73, 
01400002487|Књ. 8, део први, 
01400001152|Књ. 4, 
01400002498|Књ. 1, 
01400002497|Књ. 2, 
01400001164|Књ.  1-7+8/9+10-12, 
01400002495|knj. 2, 
01400005514|Knj. 2, 
01400005515|Књ. 7, 
01400014467|књ. 39, 
01400014468|књ. 40, 
01400000727|Knj. 5, 
01400000726|Knj. 5, 
01400000721|књ. 39, 
01400000720|књ. 38, 
01400012711|Књ. 52, 
01400012712|Књ. 69, 
01400008680|Књ. 48, 
01400008681|Књ. 49, 
01400006020|Књ. 83, 
01400008684|књ. 56, 
01400006021|Књ. 84, 
01400006022|Књ. 84, 
01400008686|Књ. 37, 
01400006023|Књ. 85, 
01400008685|књ. 56, 
01400008687|Књ. 45-46, 
01400000728|Knj. 6, 
01400000703|Knj. 16, 
01400000702|Knj. 15, 
01400000701|Knj. 14, 
01400000700|Knj. 13, 
01400008671|Савременик плус, 
01400006010|Књ. 77, 
01400006011|Књ. 77+78, 
01400006012|Књ. 78, 
01400006013|Књ. 78+79, 
01400006014|Књ. 80, 
01400006015|Књ. 80, 
01400006016|Књ. 81, 
01400006017|Књ. 81, 
01400006018|Књ. 82, 
01400006019|Књ. 82, 
01400000712|Knj. 10, 
01400000711|Knj. 10, 
01400009990|књ. 9, 
01400009991|knj. 8, 
01400009994|књ. 10, 
01400009992|knj. 10, 
01400006002|Књ. 73, 
01400009993|књ. 10, 
01400006003|Књ. 73+74, 
01400006004|Књ. 74, 
01400006005|Књ. 74, 
01400007337|Књ. 23, 
01400006006|Књ. 75, 
01400007336|Књ. 23, 
01400006007|Књ. 75, 
01400006008|Књ. 75, 
01400006009|Књ. 75+76, 
01400009980|књ. 5, 
01400009983|књ. 8, 
01400009984|knj. 1, 
01400009981|књ. 6, 
01400009982|књ. 7, 
01400009987|knj. 5, 
01400009988|knj. 4, 
01400009985|knj. 2, 
01400009986|knj. 3, 
01400009989|књ. 6+7, 
01400010958|Књ. 11, 
01400010959|Књ. 12, 
01400009976|књ. 1, 
01400009977|књ. 2, 
01400008646|Нова серија, књига 50, 
01400010961|Књ. 14, 
01400004292|књ. 4, 
01400004291|књ. 2+3, 
01400009978|књ. 3, 
01400009979|књ. 4, 
01400010960|Књ. 13, 
01400010954|Књ. 6, 
01400004264|Књ. 24, 
01400010955|Књ. 7, 
01400010956|Књ. 8, 
01400004262|Књ. 25, 
01400010957|Књ. 10, 
01400004261|Књ. 11, 
01400004260|Књ. 27, 
01400010951|Књ. 3, 
01400010952|Књ. 4, 
01400010953|Књ. 5, 
01400003839|Knj. 29, 
01400003838|Knj. 29, 
01400003837|књ. 41, 
01400003834|Knj. 21, 
01400002502|Књ. 3, 
01400002503|Књ. 4+ књ. 5, 
01400012798|књ. 53, 
01400012799|књ. 54, 
01400011463|Knj. 2, 
01400011464|Knj. 3, 
01400012795|књ. 50, 
01400011465|Knj. 4, 
01400012796|књ. 51, 
01400012797|књ. 51, 
01400011462|Knj. 1, 
01400009131|Књ. 19, 
01400002511|Течај 6, 
01400009130|Књ. 18, 
01400003841|knj. 47, 
01400009132|Књ. 20, 
01400011452|књ. 7/8 (д. н. 3/4), 
01400011453|књ. 11 (д. н. 5), 
01400011450|књ. 2, 
01400011451|књ. 5 (д. н. 2), 
01400003817|Књ. 9, 
01400006090|Knj. 29, 
01400006091|Knj. 30, 
01400006092|Knj. 30, 
01400000789|Нова серија књ. 2, 
01400003812|Књ. 21, 
01400006093|Knj. 31, 
01400006094|Knj. 31, 
01400009120|Књ. 20 (Том 20), 
01400006095|Knj. 31, 
01400006096|Knj. 31, 
01400009122|Књ. 13, 
01400006097|Knj. 32, 
01400009121|Knj. 5, 
01400006098|Knj. 32, 
01400009124|Књ. 14, 
01400006099|Knj. 32, 
01400009123|Knj. 12, 
01400009126|Књ. 16, 
01400009125|Књ. 15, 
01400011449|књ. 1, 
01400009128|Књ. 17, 
01400009127|Књ. 16, 
01400010114|knj. 2, 
01400009129|Књ. 17, 
01400010118|књ. 2, 
01400010113|књ. 50, 
01400010112|књ. 49, 
01400012770|књ. 32, 
01400010111|књ. 48, 
01400010110|књ. 47, 
01400000798|Књ. 9-10, 
01400000797|Књ. 8, 
01400000799|књ. 41, 
01400003822|књ. 31, 
01400000794|Нова серија, књига 11, 
01400003820|Кnj. 51-53 = (Кnj. 107-109 celokupnog izdanja), 
01400009111|Књ. 7 (Том 7), 
01400000796|Књ. 11, 
01400006086|Knj. 28, 
01400009110|Књ. 3 (Том 3), 
01400000795|Нова серија, књига 12, 
01400006087|Knj. 29, 
01400000790|Нова серија књ. 4, 
01400009113|Књ. 10 (Том 10), 
01400006088|Knj. 29, 
01400009112|Књ. 9 (Том 9), 
01400006089|Knj. 29, 
01400000792|Нова серија књ. 5, 
01400009115|Књ. 14 (Том 14), 
01400009114|Књ. 11 (Том 11), 
01400009117|Књ. 16 (Том 16), 
01400012769|св. 84, 
01400010106|књ. 43, 
01400009116|Књ. 15 (Том 15), 
01400010105|књ. 42, 
01400009119|Књ. 18 (Том 18), 
01400010104|књ. 39, 
01400009118|Књ. 17 (Том 17), 
01400010103|књ. 38, 
01400010109|књ. 46, 
01400012767|св. 81, 
01400010108|књ. 45, 
01400012768|св. 82, 
01400010107|књ. 44, 
01400012761|св. 61, 
01400012763|св. 77, 
01400012764|св. 78, 
01400010102|књ. 37, 
01400010101|књ. 36, 
01400010100|књ. 35, 
01400012760|св. 70 , 76 , 79-80, 
01400000769|књ. 12, 
01400000768|књ. 11, 
01400000767|књ. 8, 
01400012758|св. 2, 
01400009106|књ. 2, 
01400009109|Књ. 1 (Том 1), 
01400003806|књ. 17, 
01400006060|knj. 66, 
01400006061|knj. 67, 
01400000772|Нова серија Књ. 5, 
01400006062|knj. 69, 
01400000771|Нова серија Књ. 5, 
01400000774|Нова серија Књ. 1-2 , 4-5, 
01400006063|knj. 71, 
01400000773|Нова серија књ. 1, 
01400006064|knj. 71, 
01400006065|knj. 72, 
01400012744|св. 3, 
01400012745|књ. 36, Нова серија, 
01400012741|св. 83, 
01400012742|св. 85, 
01400006050|knj. 2 Nova serija, 
01400006051|knj. 3 Nova serija, 
01400006052|knj. 3+4 Nova serija, 
01400006053|knj. 4 Nova serija, 
01400012729|књ. 2+3, 
01400006054|knj. 5 Nova serija, 
01400006055|knj. 61, 
01400006056|knj. 62, 
01400006057|knj. 63, 
01400006058|knj. 64, 
01400006059|knj. 65, 
01400012738|knj. 1, 
01400012739|knj. 2, 
01400011401|Књ. 13, 
01400012732|књ. 6+7, 
01400011402|Књ. 14, 
01400012733|књ. 8+9, 
01400011403|Књ. 15, 
01400012734|књ. 9+10, 
01400012730|књ. 3+4, 
01400011400|Књ. 12, 
01400012731|књ. 5+6, 
01400000754|Књ. 4, 
01400000753|књ. 6, 
01400006040|књ. 55, 
01400006041|књ. 55+56, 
01400006042|knj. 56, 
01400006043|knj. 57, 
01400012719|Књ. 36, 
01400006044|knj. 57+58, 
01400006045|knj. 58, 
01400006046|knj. 59, 
01400006047|knj. 59+60, 
01400006048|knj. 1 Nova serija, 
01400006049|knj. 1+2 Nova serija, 
01400012728|књ. 1, 
01400013240|vol. 14, 
01400002589|св. 37, 
01400002587|Vol. 24, 
01400001256|Knj. 22, 
01400005626|Knj. 26, 
01400005627|Knj. 26, 
01400005628|Knj. 26, 
01400005629|Knj. 26, 
01400013247|књ. 7, 
01400013241|vol. 15, 
01400014560|Knj. 4-5, 
01400001266|Knj. 13, 
01400002597|св. 46, 
01400001267|Knj. 14, 
01400002598|св. 47, 
01400002595|св. 44, 
01400002596|св. 45, 
01400001262|Кnj. 30-31 = (Кnj. 86-87 celokupnog izdanja), 
01400002593|св. 42, 
01400002594|св. 43, 
01400002591|св. 40, 
01400002592|св. 41, 
01400002590|св. 39, 
01400013239|vol. 13, 
01400013238|vol. 12, 
01400013235|vol. 9, 
01400013234|vol. 8, 
01400013237|vol. 11, 
01400006948|Нова серија, књига 30, 
01400013236|vol. 10, 
01400013233|vol. 7, 
01400013232|vol. 6, 
01400001237|Knj. 2, 
01400001235|Knj. 12, 
01400001236|Knj. 1, 
01400001233|књ. 25, 
01400001234|књ. 26, 
01400013228|Одељење друштвених наука  Књ. 30, 
01400013224|Књ. 20, 
01400010197|књ. 3, 
01400013223|Књ. 15, 
01400010196|књ. 2, 
01400013225|Књ. 21, 
01400010199|књ. 5, 
01400010198|књ. 4, 
01400009195|Књ. 1, 
01400009197|Књ. 5, 
01400009196|Књ. 2, 
01400009199|Књ. 7, 
01400009198|Књ. 6, 
01400002571|Књ. 2 (1904) + Књ. 1 (1906), 
01400006923|Кnj. 32 = (Кnj. 91 celokupnog izdanja), 
01400006924|Knj. 34 = (Knj. 93 celokupnog izdanja), 
01400006925|Knj. 35 = (Knj. 94 celokupnog izdanja), 
01400013212|vol. 3, 
01400006926|Knj. 36 = (Knj. 95 celokupnog izdanja) + Knj. 37 = (Knj. 96 celokupnog izdanja), 
01400006927|Knj. 37 = (Knj. 96 celokupnog izdanja), 
01400003879|knj. 48, 
01400001216|Knj. 8, 
01400003874|Knj. 38-39, 
01400001212|књ. 4, 
01400003872|Knj. 30, 
01400003871|Knj. 30, 
01400013209|св. 87, 
01400013206|vol. 17, 
01400013207|vol. 18-19, 
01400013204|Књ. 11, 
01400013203|Књ. 10, 
01400011490|Vol. 1, 
01400011491|Vol. 3-4, 
01400009171|Књ. 3, 
01400002559|књ. 28, 
01400009170|Књ. 2, 
01400003888|књ. 42, 
01400003884|књ. 60, 
01400002551|Кnj. 11= (Кnj. 70 celokupnog izdanja), 
01400003882|Књ. 1-6+7/8+9-12, 
01400014526|књ. 54, 
01400011496|Књ. 5, 
01400011497|Књ. 6, 
01400011498|Књ. 19, 
01400011499|Књ. 21, 
01400006907|књ. 51, 
01400011494|Књ. 1, 
01400006908|књ. 52, 
01400011495|Књ. 2, 
01400003856|Књ. 1, 
01400003854|Knj. 37, 
01400009169|Књ. 1, 
01400014513|vol. 1, 
01400035413|Knj. 12, 
01400001202|Кnj. 27-29 = (Кnj. 83-84 celokupnog izdanja), 
01400001200|Knj. 12, 
01400007641|књ. 3-4, 
01400003276|Knj. 44, 
01400003275|Tome 64, 
01400007640|књ. 1-2, 
01400007643|Књ. 53, 
01400003274|Tome 43, 
01400007642|Књ. 51, 
01400007647|св. 88, 
01400007649|Knj. 58, 
01400015269|Књ. 502, 
01400015267|Књ. 501, 
01400015268|Књ. 502, 
01400007630|Књ. 98, 
01400007632|knj. 76, 
01400007631|knj. 75, 
01400007634|knj. 79+80, 
01400007633|knj. 79, 
01400007636|Књ. 44, 
01400007639|књ. 7/8+8/9+10/11, 
01400004587|Knj. 22, 
01400004586|Knj. 22, 
01400007625|Књ. 97, 
01400007624|Књ. 97, 
01400007627|Књ. 97, 
01400007626|Књ. 98, 
01400007629|Књ. 99+100, 
01400007628|Књ. 98+99, 
01400004594|Нова серија, књига 24/25, 
01400003239|Tome 84, 
01400003238|Tome 83, 
01400003237|Tome 82, 
01400004568|књ. 1, 
01400003236|Tome 81, 
01400003235|Tome 80, 
01400003234|Tome 79, 
01400008930|Knj. 43 = (Knj. 96 celokupnog izdanja), 
01400008932|Knj. 49 = (Knj. 102 celokupnog izdanja), 
01400008931|Knj. 48 = (Knj. 101 celokupnog izdanja), 
01400008934|Књ. 53 = (Књ. 106 целокупног издања), 
01400008933|Knj. 49 = (Knj. 102 celokupnog izdanja), 
01400008936|Књ. 55 = (Књ. 108 целокупног издања), 
01400008935|Књ. 53 = (Књ. 106 целокупног издања), 
01400008938|Књ. 57 = (Књ. 110 целокупног издања), 
01400008937|Књ. 56 = (Књ. 109 целокупног издања), 
01400012181|Нова серија, књига 52, 
01400012180|Нова серија, књига 51, 
01400003245|Tome 40, 
01400003244|Tome 39, 
01400003243|Tome 82, 
01400003242|Tome 79, 
01400003241|Tome 88, 
01400003240|Tome 78, 
01400015214|Књ. 22, 
01400012187|Књ. 8, 
01400000189|Нова серија Књ. 8, 
01400004545|knj. 9, 
01400000187|sv. 2, 
01400000180|књ. 12, 
01400000182|Кnj. 15= (Knj. 74 celokupnog izdanja), 
01400012178|Књ. 50-51, 
01400012179|Нова серија, књига 50, 
01400008903|Knj. 33-35, 
01400013498|Књ. 72, 
01400013495|vol. 19, 
01400013497|Књ. 71, 
01400010409|књ. 16, 
01400010408|књ. 15, 
01400009421|Књ. 9, 
01400011739|knj. 8, 
01400009420|Књ. 8, 
01400009423|Књ. 12, 
01400009422|Књ. 11, 
01400009425|Књ. 14, 
01400010414|књ. 2, 
01400009424|Књ. 13, 
01400010413|књ. 1, 
01400009427|Књ. 20, 
01400010412|Knj. 3, 
01400009426|Књ. 16, 
01400010411|Knj. 1, 
01400011742|Књ. 17, 
01400009428|Књ. 21, 
01400010416|књ. 4, 
01400010415|књ. 3, 
01400011741|Књ. 17, 
01400010410|Knj. 2, 
01400005054|књ. 46, 
01400005055|књ. 47, 
01400005056|књ. 48, 
01400009414|Књ. 1, 
01400010403|књ. 6+7, 
01400010402|књ. 9, 
01400009416|Књ. 3, 
01400010401|књ. 10, 
01400009415|Књ. 2, 
01400010400|књ. 8, 
01400009418|Књ. 5+Књ.6, 
01400010407|књ. 14, 
01400009417|Књ. 4, 
01400010406|књ. 13, 
01400010405|књ. 12, 
01400009419|Књ. 7, 
01400010404|књ. 11, 
01400006370|Knj. 52, 
01400006371|Knj. 53, 
01400006372|Knj. 53-54, 
01400006373|Knj. 54, 
01400011721|књ. 25, 
01400011722|књ. 26, 
01400006360|Knj. 47, 
01400006362|Knj. 48, 
01400005031|Kњ. 5, 
01400006363|Knj. 48, 
01400005032|Kњ. 6, 
01400006364|Knj. 49, 
01400005033|Kњ. 7, 
01400006365|Knj. 49, 
01400005034|Kњ. 8, 
01400006366|Knj. 50, 
01400005035|Kњ. 9, 
01400006367|Knj. 50, 
01400005036|Kњ. 10, 
01400006368|Knj. 51, 
01400005037|Kњ. 11, 
01400006369|Knj. 51-52, 
01400005038|Kњ. 12/13, 
01400007680|књ. 42, 
01400005020|Knj. 23, 
01400006353|Knj. 44, 
01400005022|Књ. 38, 
01400006354|Knj. 44, 
01400006355|Knj. 45, 
01400006356|Knj. 45, 
01400006357|Knj. 46, 
01400006358|Knj. 46, 
01400006359|Knj. 47, 
01400005028|Књ.36, 
01400015297|књ. 45, 
01400007676|књ. 37, 
01400007678|књ. 39, 
01400005016|књ. 6, 
01400007677|књ. 38, 
01400005017|Knj. 1, 
01400005018|Knj. 3, 
01400007679|књ. 41, 
01400005019|Knj. 3/2, 
01400015284|Књ. 84, 
01400008990|Нова серија, књига 47, 
01400008992|књ. 46, 
01400008991|Нова серија, књига 48, 
01400006331|књ. 44, 
01400008994|књ. 50, 
01400005001|књ. 34, 
01400006332|Књ. 34, 
01400008993|књ. 47, 
01400008996|књ. 52, 
01400006333|Одељење друштвених наука  Књ. 25, 
01400006334|Књ. 13, 
01400008995|књ. 51, 
01400008998|књ. 31+32, Нова серијa, 
01400006335|Нова серија, књига 38, 
01400008997|књ. 53, 
01400007650|Knj. 67, 
01400007652|Knj. 68, 
01400007651|Knj. 67-68, 
01400007653|Knj. 68-69, 
01400008987|Нова серија, књига 42, 
01400008989|Нова серија, књига 45/46, 
01400008988|Нова серија, књига 43/44, 
01400007659|Књ. 36, 
01400015277|Књ. 22, 
01400000204|Књ. 15, 
01400010490|књ. 7 (н.с.), 
01400008178|Knj. 413, 
01400002860|Tome 2, 
01400008177|Knj. 412, 
01400008179|Knj. 414-416, 
01400010499|књ. 16 (н.с.), 
01400013527|vol. 28, 
01400013526|vol. 26, 
01400010494|књ. 11 (н.с.), 
01400010493|књ. 10 (н.с.), 
01400010492|књ. 9 (н.с.), 
01400010491|књ. 8 (н.с.), 
01400005905|Књ. 33, 
01400010498|књ. 15 (н.с.), 
01400005906|књ. 43, 
01400010497|књ. 14 (н.с.), 
01400010496|књ. 13 (н.с.), 
01400005907|Нова серија, књига 37, 
01400010495|књ. 12 (н.с.), 
01400002878|knj. 2, 
01400008161|књ. 43, 
01400002877|knj. 1, 
01400000216|књ. 6/7, 
01400010489|књ. 6 (н.с.), 
01400010488|књ. 5 (н.с.), 
01400013515|књ. 36, 
01400010483|књ. 32, 
01400010482|књ. 31, 
01400014843|књ. 41, 
01400010481|књ. 30, 
01400010480|књ. 29, 
01400010487|књ. 4 (н.с.), 
01400010486|књ. 3 (н.с.), 
01400010485|књ. 2 (н.с.), 
01400010484|књ. 1 (н.с.), 
01400001514|Књ. 12, 
01400001515|књ. 18, 
01400008152|књ. 23, 
01400008153|књ. 30, Нова серијa, 
01400009486|Течај 4, 
01400010479|књ. 28, 
01400010478|књ. 27, 
01400014839|Књ. 78, 
01400010477|књ. 24, 
01400013503|vol. 23-24, 
01400013502|vol. 20, 
01400010472|књ. 19, 
01400010471|књ. 18, 
01400010470|књ. 17, 
01400010476|књ. 23, 
01400010475|књ. 22, 
01400010474|књ. 21, 
01400010473|књ. 20, 
01400002856|књ. 8, 
01400002857|књ. 17, 
01400002855|књ. 7, 
01400008141|Књ. 55+56, 
01400008140|Савременик плус, 
01400008143|knj. 2, 
01400008142|knj. 1, 
01400008145|knj. 2, 
01400008144|knj. 1, 
01400008147|knj. 1+2, 
01400008146|knj. 1+2, 
01400010469|књ. 16, 
01400010468|књ. 15, 
01400008148|knj. 1+1/2+2, 
01400010467|књ. 14, 
01400010466|књ. 13, 
01400011793|Књ. 3, 
01400010461|књ. 8, 
01400011794|Књ. 4, 
01400010460|књ. 7, 
01400014821|Књ. 15, 
01400011795|Књ. 5, 
01400011796|Књ. 6, 
01400010465|књ. 12, 
01400010464|књ. 11, 
01400011791|Књ. 1, 
01400010463|књ. 10, 
01400011792|Књ. 2, 
01400010462|књ. 9, 
01400008134|Књ. 100+101, 
01400014809|књ. 7, 
01400014808|књ. 7, 
01400008136|Књ. 102, 
01400008135|Књ. 102, 
01400008138|Савременик плус, 
01400010458|књ. 5, 
01400008137|Књ. 102, 
01400010457|књ. 4, 
01400010456|књ. 3, 
01400008139|Савременик плус, 
01400010455|књ. 2, 
01400010459|књ. 6, 
01400010454|књ. 1, 
01400005092|књ. 24, 
01400005094|књ. 14, 
01400005097|Knj. 23, 
01400005098|Књ. 42, 
01400010445|knj. 2, 
01400010444|knj. 1, 
01400011775|Други разред  Књ. 47, 
01400011776|Други разред  Књ. 78, 
01400011773|Књ. 19 (Том 19), 
01400011774|Књ. 37, 
01400009441|св. 1-4, 
01400009440|св. 1-4, 
01400009443|св. 1-4, 
01400009442|св. 1-4, 
01400005088|knj. 1+2, 
01400008118|Књ. 5= (Књ. 64 целокупног издања ), 
01400002812|Knj. 1, 
01400009430|Књ. 10, 
01400010425|књ. 3, 
01400010424|књ. 2, 
01400010423|књ. 1, 
01400010422|књ. 1, 
01400010426|књ. 4, 
01400011751|Књ. 9, 
01400012270|Савременик плус, 
01400012271|Савременик плус, 
01400004642|Knj. 21, 
01400004641|knj. 1+2, 
01400000285|Knj. 10, 
01400012261|knj. 60, 
01400004659|књ. 43, 
01400004658|књ. 43, 
01400000297|Knj.2, 
01400000296|Књ. 17, 
01400000292|књ. 1, 
01400012268|Савременик плус, 
01400012269|Савременик плус, 
01400013594|Књ. 57, 
01400013593|Књ. 75, 
01400013595|Књ. 58, 
01400004629|Књ. 36, 
01400004628|Књ. 34, 
01400000269|књ. 33, 
01400004627|књ. 22, 
01400004626|књ. 21, 
01400004625|књ. 20, 
01400000262|(Кnj. 76 celokupnog izdanja), 
01400001595|Књ. 1-2, 
01400000263|sv. 2, 
01400001593|Књ. 3, 
01400005960|Knj. 42 = (Knj. 95 celokupnog izdanja), 
01400013583|Књ. 57, 
01400004638|Књ. 16, 
01400000276|Knj. 1, 
01400000279|Knj. 7, 
01400004632|књ. 32, 
01400000278|књ. 13, 
01400004631|Књ. 38, 
01400004630|Књ. 37, 
01400000270|Knj. 9, 
01400005956|Knj. 38 = (Knj. 96 celokupnog izdanja), 
01400005958|Knj. 40 = (Knj. 93 celokupnog izdanja), 
01400005959|Knj. 41 = (Knj. 94 celokupnog izdanja), 
01400013577|Савременик плус, 
01400013574|vol. 7, 
01400013573|vol. 6, 
01400000248|Knj. 2, 
04000001255|Knj. 21, 
01400000249|sv. 1, 
01400001576|Књ. 10 (1921) + Књ. 11 (1921) + Књ. 12 (1921) + Књ. 13 (1921) + Књ. 1 (1922) + Књ. 1 (1922) + Књ. 1 (1923) + Књ. 2 (1923), 
01400001575|Књ. 1, 
01400001572|Књ. 23, 
01400001571|Књ. 20, 
01400000254|Knj. 7, 
01400000256|књ. 32, 
01400000252|књ. 14, 
01400013551|књ. 65, 
01400002889|Књ. 35, 
01400000228|Књ.3, 
01400002887|књ. 19, 
01400001557|Књ. 11, 
01400000227|Књ. 1+Књ. 2, 
01400002886|књ. 18, 
01400002880|књ. 28, 
01400013546|књ. 62 (н.с.), 
01400013543|Књ. 70, 
01400014876|књ. 62, 
01400013544|Књ. 73, 
01400014875|књ. 61, 
01400005927|књ. 9, 
01400005928|књ. 10, 
01400005929|књ. 24, 
01400013541|vol. 21-22, 
01400000239|Трећа серија, књига 1, 
01400002898|Нова серија, књига 21, 
01400001567|Књ. 6, 
01400001568|Књ. 11/15, 
01400000233|књ. 27, 
01400000232|књ. 26, 
01400001561|Књ. 24, 
01400008189|vol. 2, 
01400001560|књ. 25, 
01400014862|Књ. 9-10, 
01400003154|Књ. 34+35, 
01400015139|Књ. 81, 
01400012093|Knj. 15, 
01400012094|Knj. 16, 
01400012095|Knj. 19, 
01400012096|Knj. 20, 
01400012090|Књ. 109, 
01400015124|Књ. 499, 
01400012097|Knj. 21, 
01400012098|Knj. 21+22, 
01400012099|Knj. 23, 
01400003146|Кnj. 44-47 = (Кnj. 100-103 celokupnog izdanja), 
01400003141|Knj. 33, 
01400003140|Knj. 31, 
01400008828|Књ. 33, 
01400008827|Књ. 19, 
01400008829|Књ. 41, 
01400012086|књ. 2, 
01400015113|књ. 43, 
01400012087|књ. 4, 
01400012088|књ. 5, 
01400012089|Књ. 116, 
01400012074|књ. 29, 
01400003119|Књ. 7, 
01400003118|Kњ. 6, 
01400000089|књ. 1, 
01400005780|Knj. 38 = (Knj. 96 celokupnog izdanja), 
01400000085|Књ. 3, 
01400005781|Knj. 37 = (Knj. 96 celokupnog izdanja), 
01400000084|Књ. 9-10, 
01400012075|књ. 30, 
01400003129|Knj. 19, 
01400003127|Knj. 25, 
01400003126|Knj. 25, 
01400003125|књ. 56, 
01400003122|књ. 37, 
01400000099|Нова серија, књига 3/4, 
01400003121|књ. 36, 
01400000098|Нова серија, књига 2, 
01400008800|књ. 26, 
01400008804|Књ. 62, 
01400008803|Књ. 61, 
01400005779|књ. 27, 
01400008806|Књ. 64, 
01400008805|Књ. 63, 
01400013380|Књ. 24, 
01400000064|Vol. 12, 
01400000063|Knj. 6 (Sv. 1+2), 
01400000066|књ. 10, 
01400000065|књ. 9, 
01400001392|Нова серија Књ. 11, 
01400000062|Knj. 6 (Sv. 1), 
01400012057|Књ. 33, 
01400012058|Књ. 33, 
01400012059|Књ. 33, 
01400013384|књ. 64, 
01400012054|Књ. 32, 
01400012055|Књ. 32, 
01400012056|Књ. 32, 
01400012046|књ. 58, 
01400013379|vol. 17, 
01400012044|Књ. 49, 
01400012045|књ. 57, 
01400000963|Књ. 7, 
01400012949|књ. 33, 
01400009304|Tome 1, 
01400012950|књ. 33, 
01400000974|књ. 40, 
01400000973|Кnj. 16= (Кnj. 75 celokupnog izdanja), 
01400000976|Knj. 11, 
01400000975|књ. 41, 
01400000972|Кnj. 25-26 = (Кnj. 81-82 celokupnog izdanja), 
01400011607|Knj. 2, 
01400000945|Knj. 11, 
01400011606|Knj. 1, 
01400012933|књ. 62, 
01400000955|Knj. 1, 
01400000951|Knj. 2, 
01400015192|Књ. 81, 
01400015190|књ. 44, 
01400000950|књ. 21, 
01400007575|Књ. 16, 
01400007574|Књ. 13, 
01400007577|Књ. 18, 
01400007576|Књ. 17, 
01400012924|Књ. 115+116, 
01400012925|Књ. 116, 
01400000925|Knj. 8, 
01400000924|Knj. 7, 
01400012909|Савременик плус, 
01400007560|књ. 4-6, 
01400008891|knj. 68, 
01400008890|Књ. 67, 
01400007561|књ. 4-6, 
01400008892|knj. 70, 
01400012908|Савременик плус, 
01400012912|Knj. 17, 
01400012913|Knj. 20, 
01400000917|књ. 22, 
01400000936|Књ.  1-7+8/9+10-12, 
01400015173|Одељење друштвених наука  Књ. 32, 
01400015174|Књ. 30, 
01400008884|Књ. 40-41, 
01400008883|Књ. 39, 
01400008886|Књ. 47, 
01400008885|Књ. 42-43, 
01400007559|књ. 3, 
01400000926|Knj. 9, 
01400015164|Књ. 17, 
01400015165|Књ. 18, 
01400015160|Књ. 83, 
01400007540|Knj. 48 = (Knj. 101 celokupnog izdanja), 
01400003171|Knj. 1, 
01400003170|Knj. 2, 
01400015168|Књ. 21, 
01400015166|Књ. 19, 
01400015167|Књ. 20, 
01400015153|књ. 73, 
01400008860|Knj. 46, 
01400008862|Knj. 55, 
01400008861|Knj. 47-48, 
01400008864|Knj. 56, 
01400008863|Knj. 56, 
01400007535|Knj. 2, 
01400008866|Knj. 59, 
01400003184|Kњ. 5, 
01400007534|Knj. 1, 
01400008865|Knj. 57-58, 
01400003183|Kњ. 2, 
01400007537|Knj. 45 = (Knj. 98 celokupnog izdanja), 
01400003182|Књ. 22-23, 
01400008868|Knj. 68, 
01400007536|Knj. 44 = (Knj. 97 celokupnog izdanja), 
01400003181|Књ. 21 (Том 21), 
01400008867|Knj. 63, 
01400007539|Knj. 47 = (Knj. 100 celokupnog izdanja), 
01400003180|књ. 42, 
01400007538|Knj. 46 = (Knj. 99 celokupnog izdanja), 
01400000905|књ. 13, 
01400015158|Књ. 80, 
01400015156|Књ. 500, 
01400009380|Knj. 16, 
01400009382|Knj. 19, 
01400008051|Књ. 22, 
01400009381|Knj. 18, 
01400008050|Књ. 20, 
01400009384|Knj. 22, 
01400008053|Књ. 24, 
01400009383|Knj. 21, 
01400008052|Књ. 23, 
01400009386|Knj. 24, 
01400009385|Knj. 23, 
01400008054|Књ. 26, 
01400008057|Књ. 100, 
01400009388|Knj. 26, 
01400009387|Knj. 25, 
01400008058|Књ. 100, 
01400009389|Knj. 27, 
01400010379|књ. 15, 
01400013409|Књ. 123+124, 
01400010378|књ. 14, 
01400013403|књ. 20, 
01400013400|vol. 4, 
01400010373|књ. 17, 
01400010372|књ. 18, 
01400010371|књ. 12, 
01400013402|књ. 19, 
01400010370|књ. 13, 
01400013401|књ. 9/10, 
01400010377|књ. 9, 
01400010376|књ. 4, 
01400010375|књ. 5, 
01400010374|књ. 16, 
01400001426|Knj. 18, 
01400001427|Knj. 23-24, 
01400001424|књ. 47, 
01400009371|Knj. 7, 
01400001425|Knj. 17, 
01400009370|Knj. 6, 
01400009373|Knj. 9, 
01400001423|књ. 46, 
01400009372|Knj. 8, 
01400009375|Knj. 11, 
01400009374|Knj. 10, 
01400009377|Knj. 14, 
01400009376|Knj. 12, 
01400009379|Knj. 15, 
01400009378|Knj. 13, 
01400008049|Књ. 19, 
01400010369|књ. 19, 
01400010368|књ. 11, 
01400010367|књ. 10, 
01400010362|књ. 29, 
01400010361|књ. 28, 
01400010360|књ. 27, 
01400010366|књ. 23, 
01400010365|књ. 32, 
01400010364|књ. 31, 
01400010363|књ. 30, 
01400002721|Књ. 2, 
01400009366|Knj. 2, 
01400009365|Knj. 1, 
01400009368|Knj. 4, 
01400009367|Knj. 3, 
01400010359|књ. 26, 
01400009369|Knj. 5, 
01400010358|књ. 25, 
01400010357|књ. 24, 
01400010356|књ. 23, 
01400011689|Књ. 2, 
01400010351|књ. 18, 
01400010350|књ. 17, 
01400010355|књ. 22, 
01400010354|књ. 21, 
01400010353|књ. 20, 
01400002719|Knj. 7, 
01400010352|књ. 19, 
01400001402|Knj. 15, 
01400001403|Knj. 16, 
01400009354|св. 1, 
01400010348|књ. 15, 
01400010347|књ. 14, 
01400010346|књ. 13, 
01400010345|књ. 12, 
01400010349|књ. 16, 
01400010340|књ. 7, 
01400010344|књ. 11, 
01400010343|књ. 10, 
01400010342|књ. 9, 
01400010341|књ. 8, 
01400008011|Књ. 56, 
01400008010|Књ. 54-55, 
01400008013|Књ. 58-59, 
01400008012|Књ. 57, 
01400008014|Књ. 60, 
01400010337|књ. 4, 
01400010336|књ. 3, 
01400010335|књ. 2, 
01400010334|књ. 1, 
01400012996|vol. 16, 
01400010339|књ. 6, 
01400010338|књ. 5, 
01400012994|vol. 14, 
01400012995|vol. 15, 
01400002718|Књ. 1, 
01400008000|књ. 24, Нова серија, 
01400008002|књ. 29, Нова серија, 
01400008001|књ. 26, Нова серија, 
01400011654|Књ. 1, 
01400008009|Књ. 52-53, 
01400011655|Књ. 2, 
01400011656|Књ. 3-4, 
01400011652|Књ. 2, 
01400011653|Књ. 1, 
01400012980|књ. 61, 
01400000989|Knj. 11, 
01400000987|Књ. 8, 
01400000986|књ. 40, 
01400010309|књ. 34, 
01400012978|Књ. 37, 
01400010315|књ. 38, 
01400010314|књ. 37, 
01400010313|књ. 37, 
01400010312|књ. 36, 
01400010318|књ. 41, 
01400011644|Књ. 2 (1882), 
01400010317|књ. 40, 
01400011645|Књ. 1, 
01400012977|Књ. 117+118, 
01400010316|књ. 39, 
01400010311|књ. 30, 
01400010310|књ. 35, 
01400010304|књ. 25, 
01400009315|Књ. 1, 
01400010303|књ. 24, 
01400010302|књ. 23, 
01400010301|књ. 22, 
01400010308|књ. 33, 
01400010307|књ. 32, 
01400010306|књ. 31, 
01400012966|св. 86, 
01400010305|књ. 29, 
01400010300|књ. 21, 
01400004527|Трећа серија, књига 8/9, 
01400004526|Трећа серија, књига 7, 
01400000168|књ. 31, 
01400000163|Knj. 7 (Sv. 2), 
01400000162|Knj. 7 (Sv. 2), 
01400001493|Кnj. 32-35 = (Кnj. 88-91 celokupnog izdanja), 
01400000164|књ. 28, 
01400005862|књ. 17 (п. н. 5), 
01400005863|књ. 18 (п. н. 6), 
01400005864|књ. 20 (п. н. 7), 
01400013489|Књ. 23, 
01400012154|knj. 2, 
01400003205|књ. 9-10 (п. н. 3-4), 
01400004536|knj. 2+3, 
01400004535|knj. 1, 
01400004534|knj. 14, 
01400000179|књ. 11, 
01400004533|knj. 13, 
01400000174|Knj. 7, 
01400004532|knj. 9, 
01400003200|књ. 3 (бр.1) + књ. 2 (бр. 2-5/6), 
01400000170|Knj. 1, 
01400013477|Нова серија, књига 57, 
01400012146|Књ. 116, 
01400013476|Нова серија, књига 56, 
01400012147|Књ. 109, 
01400013472|Књ. 125+126, 
01400013475|Нова серија, књига 55, 
01400000149|Knj. 8, 
01400000148|књ. 29, 
01400000147|књ. 30, 
01400005842|Нова серија, књига 31, 
01400005843|Нова серија, књига 32, 
01400012134|Књ. 65-66, 
01400012135|Књ. 50, 
01400013468|Knj. 14, 
01400012130|Савременик плус, 
01400012131|Савременик плус, 
01400001489|књ. 1-2, 
01400000155|Knj. 2, 
01400001486|Књ. 8, 
01400001487|књ. 27+28, 
01400001484|Књ. 28-29, 
01400001485|Одељење друштвених наука  Књ. 13, 
01400001482|Књ. 17, 
01400001480|Књ. 1-5, 
01400001481|Књ. 15, 
01400012127|Савременик плус, 
01400012128|Савременик плус, 
01400012129|Савременик плус, 
01400012124|књ. 59, 
01400012126|Савременик плус, 
01400013450|Савременик плус, 
01400012120|Knj. 46, 
01400012121|Knj. 47, 
01400012122|Knj. 48, 
01400001459|књ. 23, 
01400001458|књ. 3, 
01400002789|књ. 21 (д. н. 12), 
01400002786|књ. 14 (д. н. 8), 
01400002787|књ. 15/16 (д. н. 9/10), 
01400002784|књ. 11 (д. н. 5), 
01400002785|књ. 13 (д. н. 7), 
01400002782|књ. 7/8 (д. н. 3/4), 
01400001451|Нова серија, књига 17, 
01400002783|књ. 12 (д. н. 6), 
01400001452|Нова серија, књига 18, 
01400002780|књ. 5 (д. н. 2), 
01400002781|књ. 3 (д. н. 1), 
01400005820|књ. 19, 
01400012116|Knj. 42, 
01400005821|књ. 35, 
01400012117|Knj. 43, 
01400012118|Knj. 44, 
01400012119|Knj. 45, 
01400012112|Knj. 38, 
01400012113|Knj. 39, 
01400012114|Knj. 40, 
01400013445|Књ. 55, 
01400012115|Knj. 41, 
01400012110|Knj. 34, 
01400012111|Knj. 37, 
01400008080|Књ. 26, 
01400008082|Књ. 39, 
01400008081|Књ. 27, 
01400000137|Књ. 26, 
01400008084|Knj. 406, 
01400008083|Knj. 402-404, 
01400008085|Knj. 408-411, 
01400000136|књ. 10, Нова серија, 
01400001463|књ. 14, 
01400001460|Књ. 32, 
01400012109|Knj. 33, 
01400012105|Knj. 29, 
01400012106|Knj. 30, 
01400012107|Knj. 31, 
01400012108|Knj. 31, 
01400012101|Knj. 25, 
01400013432|Књ. 74, 
01400012102|Knj. 26, 
01400012103|Knj. 27, 
01400012104|Knj. 28, 
01400013431|Књ. 71 Новог (3.) кола = Књ. 123 целокупног издања, 
01400013430|Књ. 69 = (Књ. 121 целокупног издања) + Књ. 70 = (Књ. 122 целокупног издања), 
01400012100|Knj. 24, 
01400001439|Књ. 7, 
01400001437|Књ. 5, 
01400010391|књ. 30, 
01400001438|Књ. 6, 
01400002769|књ. 6, 
01400010390|књ. 26, 
01400002766|књ. 3, 
01400001436|Књ. 4, 
01400002767|књ. 4, 
01400002764|књ. 1, 
01400000101|Нова серија, књига 7/8, 
01400002765|књ. 2, 
01400000100|Нова серија, књига 5/6, 
01400000102|Нова серија, књига 9/10, 
01400008079|Књ. 23, 
01400008078|Књ. 19, 
01400013429|Књ. 68 Новог (3.) кола = Књ. 120 целокупног издања, 
01400014757|Књ. 2, 
01400013426|vol. 22, 
01400013425|vol. 20-21, 
01400013428|Књ. 67 Новог (3.) кола = Књ. 119 целокупног издања, 
01400013427|Књ. 65 = (Књ. 117 целокупног издања) + Књ. 66 = (Књ. 118 целокупног издања), 
01400005801|Књ. 27, 
01400005802|Књ. 28, 
01400010395|књ. 20, 
01400013422|vol. 18, 
01400010394|књ. 31, 
01400010393|књ. 32, 
01400010392|књ. 24, 
01400005806|књ. 38+39, 
01400010399|Књ. 2, 
01400005807|књ. 40+41, 
01400005808|књ. 35-37, 
01400010397|књ. 22, 
01400010396|књ. 21, 
01400005809|Одељење друштвених наука  Књ. 22, 
01400002779|књ. 2, 
01400009391|Knj. 30, 
01400010380|књ. 6, 
01400000116|Књ. 25, 
01400009390|Knj. 29, 
01400002777|књ. 1, 
01400009393|Knj. 32, 
01400001446|Knj. 2, 
01400008062|Савременик плус, 
01400002778|књ. 1, 
01400009392|Knj. 30, 
01400008061|knj. 12 Nova serija, 
01400001444|Knj. 14, 
01400002775|књ. 12, 
01400008064|Књ. 39, 
01400002776|књ. 13, 
01400001445|Knj. 1, 
01400008063|Савременик плус - специјални број, 
01400002773|књ. 10, 
01400008066|књ. 7/8+8/9+10/11, 
01400001443|Knj. 14, 
01400002774|књ. 11, 
01400001440|Књ. 3, 
01400002771|књ. 8, 
01400008068|књ. 45, 
01400002772|књ. 9, 
01400009398|Knj. 2, 
01400008067|књ. 1, 
01400002770|књ. 7, 
01400013419|књ. 35, 
01400010389|књ. 25, 
01400010384|књ. 2, 
01400010383|књ. 1, 
01400014744|књ. 1, 
01400010382|књ. 8, 
01400010381|књ. 7, 
01400010388|књ. 27, 
01400010387|књ. 28, 
01400010386|књ. 29, 
01400010385|књ. 3, 
01400002186|knj. 1, 
01400002187|knj. 2, 
01400007871|Књ. 29, 
01400005214|књ. 49, 
01400005215|књ. 50, 
01400007861|Књ. 19, 
01400002160|Knj. 19, 
01400002161|Knj. 20, 
01400002171|Knj. 30, 
01400002170|Knj. 29, 
01400014148|Књ. 61, 
01400007859|Knj. 61, 
01400003474|Књ. 42 (59), 
01400002142|Књ. 16/18, 
01400003473|Књ. 13 (Том 13), 
01400002143|Нова серија Књ. 9, 
01400002140|Књ. 4-6, 
01400003472|Књ. 12 (Том 12), 
01400002141|Књ. 7, 
01400003471|Књ. 5 (Том 5), 
01400006510|Књ. 18, 
01400003470|Књ. 21, 
01400006511|Књ. 18, 
01400006512|Књ. 19, 
01400006513|Књ. 19, 
01400006514|Књ. 20, 
01400006515|Књ. 20, 
01400006516|Књ. 21, 
01400006517|Књ. 21, 
01400006518|Књ. 22, 
01400014139|Књ. 14, 
01400006519|Књ. 22, 
01400014133|Књ. 7, 
01400014135|knj. 76, 
01400014134|књ. 25, 
01400002159|Knj. 19, 
01400002157|Knj. 22, 
01400002158|Knj. 22, 
01400002155|Knj. 21, 
01400003487|Tome 31, 
01400002156|Knj. 21, 
01400003486|Tome 28, 
01400003485|Tome 20, 
01400003484|Tome 12, 
01400003483|Tome 55, 
01400003482|Tome 63, 
01400007838|knj. 1, 
01400006507|Књ. 17, 
01400007837|knj. 1, 
01400006508|Књ.17, 
01400006509|Књ.17, 
01400003458|Књ. 10, 
01400003457|Књ. 9, 
01400004785|књ. 15, 
01400004784|књ. 14, 
01400004783|књ. 13, 
01400004782|књ. 12, 
01400004781|књ. 11, 
01400004780|књ. 8, 
01400007828|Knj. 38, 
01400011087|Књ. 11, 
01400011088|Књ. 11, 
01400011070|књ. 4, 
01400011071|књ. 5, 
01400002139|Нова серија Књ. 10, 
01400003469|књ. 9, 
01400002138|Нова серија Књ. 10, 
01400003468|Одељење друштвених наука  Књ. 17, 
01400002135|Нова серија књ. 6, 
01400003467|Одељење друштвених наука  Књ. 15, 
01400003466|Књ. 19, 
01400003465|Књ. 12/13, 
01400002134|књ. 1, 
01400003463|Књ. 19-20, 
01400003462|књ. 30, 
01400003461|Књ. 37, 
01400004791|Књ. 12, 
01400007814|Нова серија, књига 36, 
01400007816|Нова серија, књига 40/41, 
01400007815|Нова серија, књига 39, 
01400014106|Knj. 35-36, 
01400007000|knj. 9 Nova serija, 
01400007001|knj. 9 Nova serija, 
01400007002|Knj. 10 Nova serija, 
01400007003|Knj. 10 Nova serija, 
01400011988|Књ. 109, 
01400007004|Knj. 11 Nova serija, 
01400007005|knj. 11 Nova serija, 
01400007006|књ. 51, 
01400007007|књ. 52, 
01400011984|Књ. 2, 
01400007008|knj. 68, 
01400011985|Књ. 109, 
01400007009|knj. 72, 
01400011986|Књ. 109, 
01400011987|Књ. 109, 
01400011980|Књ. 6, 
01400011981|Књ. 7, 
01400011983|Књ. 1, 
01400001706|Knj. 25, 
01400005290|knj. 54, 
01400010639|књ. 23, 
01400005298|Књ. 17, 
01400011978|Књ. 4, 
01400011979|Књ. 5, 
01400011971|Књ. 38, 
01400005281|Knj. 34, 
01400005282|Knj. 34, 
01400005283|Knj. 36, 
01400010628|књ. 32 (н.с.), 
01400005284|Knj. 36, 
01400005285|књ. 66, 
01400010634|књ. 51 (н.с.), 
01400010633|књ. 33 (н.с.), 
01400005289|knj. 52, 
01400008316|Knj. 430, 
01400010632|књ. 31, 
01400008315|Knj. 422-424, 
01400010638|књ. 24 (н.с.), 
01400010637|књ. 14, 
01400010636|књ. 29 (н.с.), 
01400010635|књ. 11, 
01400010619|књ. 2 (н.с.), 
01400010618|књ. 47 (н.с.), 
01400011948|Одељење друштвених наука  Књ. 29, 
01400010623|књ. 21 (н.с.), 
01400010622|књ. 27 (н.с.), 
01400010621|књ. 26 (н.с.), 
01400010620|књ. 14 (н.с.), 
01400008304|knj. 1+1/2+2, 
01400010627|књ. 10 (н.с.), 
01400010626|књ. 37 (н.с.), 
01400010625|књ. 3 (н.с.), 
01400010624|књ. 7 (н.с.), 
01400011950|Књ. 7, 
01400010609|књ. 26, 
01400010608|књ. 52 (н.с.), 
01400010607|књ. 9, 
01400010606|књ. 25 (н.с.), 
01400005265|Knj. 33 = (Knj. 92 celokupnog izdanja), 
01400005266|Књ. 41, 
01400005267|Књ. 41, 
01400010611|књ. 16 (н.с.), 
01400010610|књ. 12, 
01400011946|Одељење друштвених наука  Књ. 27, 
01400011947|Одељење друштвених наука  Књ. 28, 
01400010615|књ. 18 (н.с.), 
01400010614|књ. 44 (н.с.), 
01400010613|књ. 30 (н.с.), 
01400010601|књ. 18, 
01400010600|књ. 17 (н.с.), 
01400010605|књ. 8 (н.с.), 
01400010604|књ. 20 (н.с.), 
01400010603|књ. 5, 
01400010602|књ. 25, 
01400014195|Књ. 5, 
01400014196|Књ. 5, 
01400005240|Knj. 45, 
01400005241|Књ. 10, 
01400005243|књ. 16, 
01400014199|Knj. 1, 
01400005238|Књ. 14, 
01400014188|Knj. 28, 
01400007088|Knj. 46, 
01400007089|Knj. 47-48, 
01400012434|Књ. 112+113, 
01400000457|св. 34, 
01400000456|св. 33, 
01400007070|књ. 25, Нова серија, 
01400000459|св. 36, 
01400007071|књ. 25, Нова серија, 
01400000458|св. 35, 
01400007072|књ. 26, Нова серија, 
01400000453|св. 30, 
01400007073|књ. 27, Нова серија, 
01400000452|св. 29, 
01400007074|књ. 27, Нова серија, 
01400000455|св. 32, 
01400007075|књ. 27+28, Нова серија, 
01400000454|св. 31, 
01400000451|св. 28, 
01400012424|књ. 49, 
01400012422|књ. 44, 
01400012423|књ. 47, 
01400007060|Књ. 51+52, 
01400007061|Књ. 53+54, 
01400007062|knj. 1, 
01400007063|knj. 2, 
01400001750|Књ. 2-6+7/8+9-12, 
01400007064|knj. 2, 
01400007065|књ. 34, 
01400007069|књ. 24, Нова серија, 
01400013745|Књ. 58, 
01400012415|Нова серија, књига 53/54, 
01400008387|Књ. 104, 
01400008386|Књ. 99, 
01400008389|Књ. 104, 
01400008388|Књ. 104, 
01400007058|Књ. 28, 
01400007059|Књ. 30, 
01400012406|Књ. 9, 
01400007040|Knj. 37, 
01400007041|Књ. 43, 
01400007042|Књ. 48, 
01400007043|Књ. 49, 
01400007044|Књ. 50, 
01400007045|Књ. 51, 
01400007046|Књ. 47, 
01400013727|vol. 23, 
01400013729|vol. 23, 
01400013728|vol. 24, 
01400001749|Књ. 2 , 4-7 , 10-12, 
01400007030|Knj. 34, 
01400000411|(Кnj. 77 celokupnog izdanja), 
01400007031|Knj. 35, 
01400009694|књ. 6, 
01400007032|Knj. 35, 
01400009693|књ. 5, 
01400007033|Knj. 35, 
01400013709|Књ. 14, 
01400007034|Knj. 36, 
01400007035|Knj. 36, 
01400007036|Knj. 36, 
01400007037|Knj. 37, 
01400013716|књ. 66, 
01400007038|Knj. 37, 
01400007039|Knj. 37, 
01400001716|књ. 12, 
01400001712|Кnj. 36-38 = (Кnj. 92-94 celokupnog izdanja), 
01400001710|Knj. 28, 
01400001711|Tome 2-3 (juin-juillet) , 3-4 (septembre-octobre) , 4 (decembre), 
01400007023|Knj. 27, 
01400007024|Knj. 27, 
01400007025|Knj. 27, 
01400007026|Knj. 30, 
01400007027|Knj. 32, 
01400007028|Knj. 34, 
01400007029|Knj. 34, 
01400001709|књ. 44, 
01400001707|Knj. 26, 
01400001725|Vol. 14, 
01400001726|књ. 15, 
01400001723|Knj. 33, 
01400001724|Vol. 13, 
01400001721|Knj. 20, 
01400001722|Knj. 17, 
01400009670|књ. 7, 
01400007010|knj. 70, 
01400007011|knj. 73, 
01400007012|knj. 74, 
01400008345|књ. 21, 
01400007013|knj. 77, 
01400008344|књ. 20, 
01400007014|knj. 77, 
01400007015|knj. 78, 
01400002229|књ. 31, 
01400003559|Tome 33, 
01400003558|Tome 32, 
01400003557|Tome 30, 
01400003556|Tome 62, 
01400004884|knj. 51, 
01400014218|Tome 40, 
01400014217|Tome 40, 
01400014219|Tome 41, 
01400014214|Tome 38, 
01400014213|Tome 38, 
01400014216|Tome 39, 
01400014215|Tome 38, 
01400014210|Tome 1, 
01400014212|Tome 3, 
01400014211|Tome 2, 
01400002238|Књ. 2-6+7/8+9-12, 
01400003569|Књ. 2, 
01400004899|књ. 5, 
01400004898|књ. 4, 
01400002233|књ. 15, 
01400014207|Tome 58, 
01400014209|Tome 60, 
01400014208|Tome 59, 
01400014203|Књ. 16, 
01400014202|Књ. 17, 
01400014204|Књ. 11-12, 
01400014200|Knj. 2, 
01400002205|Кnj. 39-40 = (Кnj. 95-96 celokupnog izdanja), 
01400004866|Књ. 11, 
01400004864|књ. 32, 
01400012480|Књ. 114, 
01400012481|Књ. 52, 
01400004879|Knj. 33, 
01400004878|Knj. 33, 
01400004876|Knj. 41-42, 
01400002211|Књ. 1-6+7/8+9-12, 
01400004872|Књ. 11, 
01400012484|Књ. 35, 
01400012485|Књ. 35, 
01400004849|св. 56, 
01400012470|Књ. 104, 
01400004848|св. 55, 
01400004847|св. 54, 
01400004842|Књ. 36, 
01400012479|Књ. 114, 
01400012477|Књ. 67-68, 
01400012471|Књ. 104, 
01400004859|Књ. 40, 
01400004857|Књ. 12, 
01400000499|књ. 17, 
01400000491|Knj. 2, 
01400000490|Knj. 1, 
01400004829|књ. 62, 
01400000464|Књ. 5, 
01400000460|св. 38, 
01400000461|књ. 2, 
01400007090|Knj. 57-58, 
01400007091|Knj. 59, 
01400004837|књ. 33, 
01400004836|Књ. 25, 
01400007092|Knj. 63, 
01400004835|Књ. 24, 
01400007093|Knj. 64, 
01400004834|Књ. 22, 
01400007094|Knj. 65, 
01400007095|Knj. 66, 
01400004833|књ. 45, 
01400007096|Knj. 66, 
01400003501|Књ.37, 
01400004832|књ. 44, 
01400003500|књ. 5-6, 
01400004831|књ. 43, 
01400004830|књ. 63, 
01400006431|Knj. 334-337, 
01400006432|Knj. 338-340, 
01400002064|књ. 28, 
01400006433|Knj. 341-344, 
01400006434|Knj. 345-347, 
01400005104|Књ. 1, 
01400006435|Knj. 348-350, 
01400006436|Knj. 351-353, 
01400006437|Knj. 354-356, 
01400006438|Knj. 360-362, 
01400005108|Knj. 7, 
01400006439|Knj. 363-365, 
01400014032|vol. 29, 
01400006411|књ. 11, 
01400006412|књ. 12, 
01400014035|vol. 33, 
01400002056|Knj. 50, 
01400014023|књ. 39, 
01400014022|књ. 38, 
01400004687|Knj. 2, 
01400007724|Knj. 398-399, 
01400007723|Knj. 396-397, 
01400007728|Књ. 27, 
01400007729|Књ. 28, 
01400002038|Књ. 2, 
01400002039|Књ. 21, 
01400004699|Књ. 14, 
01400004695|књ. 61, 
01400012294|Књ. 111, 
01400002007|Knj. 27, 
01400003339|Књ. 1, 
01400004669|knj. 49, 
01400003337|Књ. 1 , 4, 
01400002003|Knj. 28, 
01400002004|Knj. 3, 
01400007704|Књ. 15, 
01400007703|Књ. 14, 
01400003349|књ. 1-3, 
01400003348|књ. 1, 
01400002017|Knj. 3, 
01400004676|Knj. 40, 
01400004675|Knj. 40, 
01400004674|Knj. 32, 
01400004673|Knj. 32, 
01400004672|Knj. 31, 
01400004671|Knj. 31, 
01400004670|knj. 50, 
01400012287|Књ. 51, 
01400002904|Књ. 36, 
01400002905|Књ. 34, 
01400002901|Vol. 26, 
01400010529|књ. 46 (н.с.), 
01400005185|knj. 1, 
01400005186|knj. 2, 
01400010535|књ. 52 (н.с.), 
01400010534|књ. 51 (н.с.), 
01400010533|књ. 50 (н.с.), 
01400010532|књ. 49 (н.с.), 
01400010539|књ. 56 (н.с.), 
01400010538|књ. 55 (н.с.), 
01400010537|књ. 54 (н.с.), 
01400010536|књ. 53 (н.с.), 
01400011860|Савременик плус, 
01400011861|Савременик плус, 
01400010531|књ. 48 (н.с.), 
01400010530|књ. 47 (н.с.), 
01400005170|knj. 55+56, 
01400005171|knj. 56, 
01400010519|књ. 32 (н.с.), 
01400010518|књ. 31 (н.с.), 
01400009531|Књ. 68, 
01400009530|Књ. 67, 
01400005176|Knj. 25, 
01400009533|Књ. 70, 
01400005177|Knj. 25, 
01400009532|Књ. 69, 
01400005178|Knj. 25, 
01400010524|књ. 41 (н.с.), 
01400009534|Књ. 71, 
01400010523|књ. 40 (н.с.), 
01400011858|Савременик плус, 
01400010522|књ. 39 (н.с.), 
01400011859|Савременик плус, 
01400010521|књ. 38 (н.с.), 
01400010528|књ. 45 (н.с.), 
01400010527|књ. 44 (н.с.), 
01400010526|књ. 43 (н.с.), 
01400010525|књ. 42 (н.с.), 
01400010520|књ. 33 (н.с.), 
01400005160|књ. 68, 
01400010509|књ. 28 (н.с.), 
01400005161|Knj. 37, 
01400010508|књ. 27 (н.с.), 
01400005162|Knj. 37, 
01400010507|књ. 26 (н.с.), 
01400005163|Knj. 38, 
01400009520|Књ.57, 
01400005164|Knj. 38, 
01400009522|Књ.59, 
01400009521|Књ.58, 
01400009524|Књ. 60, 
01400010513|књ. 22 (н.с.), 
01400009523|Књ.60, 
01400009526|Књ. 62, 
01400005169|knj. 55, 
01400009525|Књ. 61, 
01400010510|књ. 30 (н.с.), 
01400009528|Књ. 64, 
01400010517|књ. 37 (н.с.), 
01400009527|Књ. 63, 
01400010516|књ. 36 (н.с.), 
01400010515|књ. 35 (н.с.), 
01400009529|Књ. 66, 
01400010514|књ. 34 (н.с.), 
01400011827|Књ. 61+62, 
01400011828|Књ. 63+64, 
01400011829|Књ. 65+66, 
01400009511|Књ.48, 
01400009510|Књ.46, 
01400009513|Књ.47, 
01400010502|књ. 19 (н.с.), 
01400005157|књ. 67, 
01400009512|Књ.49, 
01400010501|књ. 18 (н.с.), 
01400005158|књ. 68, 
01400009515|Књ.55, 
01400010500|књ. 17 (н.с.), 
01400005159|књ. 68, 
01400009514|Књ.50, 
01400011830|Књ. 40, 
01400009517|Књ.53, 
01400009516|Књ.54, 
01400010505|књ. 24 (н.с.), 
01400009519|Књ. 55, 
01400009518|Књ.56, 
01400014092|Knj. 1-2, 
01400014091|Knj. 1-2, 
01400014090|Knj. 1, 
01400011816|Књ. 107, 
01400011823|Књ. 57+58, 
01400009501|Tome 1er   Du 20 Octobre 1916 a fin Decembre 1917, 
01400011824|Књ. 57+58, 
01400011825|Књ. 59+60, 
01400009504|Књ.20, 
01400011826|Књ. 61+62, 
01400009503|Књ.4, 
01400009506|Књ.35, 
01400011820|књ. 22, 
01400009505|Књ.31, 
01400009508|Књ.44, 
01400011822|Књ. 48, 
01400009507|Књ.43, 
01400009509|Књ.45, 
01400014080|Књ. 58, 
01400011815|Књ. 107, 
01400014089|Knj. 1-2, 
01400014077|Књ. 16, 
01400014079|Књ. 60, 
01400005115|Нова серија, књига 28/29, 
01400002090|књ. 3, 
01400001659|Одељење друштвених наука  Књ. 14, 
01400008291|Књ. 102+103, 
01400000325|књ. 3, 
01400008290|Књ. 84, 
01400000324|књ. 2, 
01400001655|Одељење друштвених наука  Књ. 14, 
01400000326|књ. 5-6, 
01400002983|Књ. 1-2, 
01400014973|књ. 42, 
01400012310|Knj. 18, 
01400014972|књ. 72, 
01400012307|Knj. 2, 
01400012308|Knj. 7, 
01400012309|Knj. 11, 
01400012306|Савременик плус, 
01400013631|књ. 24, 
01400014964|Одељење друштвених наука  Књ. 31, 
01400000307|Књ. 10, 
01400000306|Књ. 9, 
01400000302|Књ. 19, 
01400000305|Knj. 8, 
01400008271|Kњ. 4, 
01400000304|Књ. 7, 
01400008270|Kњ. 3, 
01400008273|Kњ. 5, 
01400008272|Kњ. 4, 
01400008275|knj. 1+2, 
01400008274|Kњ. 5, 
01400008277|knj. 2, 
01400008276|knj. 1, 
01400010599|књ. 19 (н.с.), 
01400010598|књ. 20, 
01400013626|књ. 25, 
01400013620|књ. 32+33, 
01400010593|књ. 21 (н.с.), 
01400010592|књ. 25 (н.с.), 
01400010591|књ. 23 (н.с.), 
01400014952|Књ. 79, 
01400013621|књ. 35+36, 
01400010590|књ. 6, 
01400010597|књ. 6 (н.с.), 
01400010596|књ. 4 (н.с.), 
01400010595|књ. 12 (н.с.), 
01400010594|књ. 20 (н.с.), 
01400008268|Нова серија, књига 35, 
01400013617|књ. 1, 
01400013616|књ. 11+12, 
01400010589|књ. 5 (н.с.), 
01400013619|књ. 24+25, 
01400010588|књ. 36 (н.с.), 
01400013618|књ. 17+18, 
01400010587|књ. 23 (н.с.), 
01400013613|књ. 31, 
01400013612|књ. 18, 
01400010582|књ. 35 (н.с.), 
01400010581|књ. 43 (н.с.), 
01400013611|књ. 1, 
01400010580|књ. 45 (н.с.), 
01400010586|књ. 16, 
01400010585|књ. 7, 
01400010584|књ. 17, 
01400010583|књ. 31 (н.с.), 
01400001610|књ. 3+4, 
01400010579|књ. 21, 
01400010578|књ. 9 (н.с.), 
01400010577|књ. 34 (н.с.), 
01400010576|књ. 41 (н.с.), 
01400013602|Савременик плус, 
01400013604|књ. 20, 
01400013603|књ. 18, 
01400010571|књ. 24, 
01400010570|књ. 10, 
01400010575|књ. 40 (н.с.), 
01400010574|књ. 39 (н.с.), 
01400001608|Knj. 3, 
01400010573|књ. 27, 
01400001609|књ. 1+2, 
01400010572|књ. 28 (н.с.), 
01400001625|књ. 2-3 (1930) + књ. 3 (1931), 
01400010568|књ. 13 (н.с.), 
01400010567|књ. 48 (н.с.), 
01400010566|књ. 50 (н.с.), 
01400010565|књ. 46 (н.с.), 
01400010569|књ. 49 (н.с.), 
01400010560|књ. 11 (н.с.), 
01400010564|књ. 42 (н.с.), 
01400010563|књ. 38 (н.с.), 
01400010562|књ. 22 (н.с.), 
01400010561|књ. 15 (н.с.), 
01400010557|књ. 31, 
01400010556|књ. 28, 
01400010555|књ. 29, 
01400010554|књ. 22, 
01400010559|књ. 1, 
01400010558|књ. 30, 
01400010553|књ. 19, 
01400010552|књ. 15, 
01400010551|књ. 13, 
01400010550|књ. 8, 
01400001604|Књ. 2, 
01400002935|Knj. 3, 
01400001605|Књ. 3, 
01400001603|Књ. 1, 
01400010546|књ. 1, 
01400010545|књ. 62 (н.с.), 
01400010544|књ. 61 (н.с.), 
01400010543|књ. 60 (н.с.), 
01400010549|књ. 4, 
01400010548|књ. 3, 
01400010547|књ. 2, 
01400010542|књ. 59 (н.с.), 
01400010541|књ. 58 (н.с.), 
01400010540|књ. 57 (н.с.), 
01400012392|knj. 2,
01400012393|knj. 1,
01400004769|Књ. 18, 
01400004768|Књ. 25, 
01400004767|Књ. 24, 
01400004766|Књ. 8, 
01400003434|књ. 53, 
01400004765|Одељење друштвених наука  Књ. 19, 
01400003433|књ. 52, 
01400004764|Одељење друштвених наука  Књ. 16, 
01400003432|књ. 51, 
01400004763|Нова серија Књ. 12, 
01400003431|књ. 50, 
01400007801|књ. 3, 
01400007800|књ. 2, 
01400012398|knj. 1+1/2+2, 
01400012399|knj. 1+2, 
01400012394|knj. 1+1/2+2, 
01400007808|Књ. 52-53, 
01400012395|knj. 1, 
01400012396|knj. 2, 
01400012397|knj. 1, 
01400004779|књ. 7, 
01400004778|Нова серија, књига 26, 
01400004777|Нова серија, књига 23, 
01400004776|књ. 32, 
01400004775|књ. 31, 
01400004774|књ. 28, 
01400004773|Књ. 23, 
01400004772|Књ. 22, 
01400004771|Књ. 21, 
01400004770|Књ. 20, 
01400003419|књ. 38, 
01400003418|књ. 37, 
01400003417|књ. 36, 
01400003416|књ. 35, 
01400003415|књ. 34, 
01400003414|књ. 33, 
01400003413|књ. 32, 
01400003412|књ. 30, 
01400003411|књ. 29, 
01400004741|Кnj. 54-57 = (Кnj. 110-113 celokupnog izdanja), 
01400000383|Knj. 12, 
01400003410|књ. 28, 
01400000382|Knj. 11, 
01400012378|vol. 3, 
01400012373|књ. 31, 
01400003429|књ. 48, 
01400003428|књ. 47, 
01400003427|књ. 46, 
01400003426|књ. 45, 
01400000398|Knj. 8, 
01400003425|књ. 43, 
01400000397|Knj. 8, 
01400003424|књ. 43, 
01400003423|књ. 42, 
01400003422|књ. 41, 
01400003421|књ. 40, 
01400004751|Књ. 39-40, 
01400003420|књ. 39, 
01400004750|Књ. 39-40, 
01400000390|књ. 34, 
01400000391|књ. 35, 
01400012366|књ. 60, 
01400001697|Knj. 18, 
01400004723|књ. 23, 
01400001696|Knj. 17, 
01400001693|књ. 29+30, 
01400001690|Књ. 9, 
01400012350|Књ. 19, 
01400003409|књ. 27, 
01400003408|књ. 26, 
01400003407|књ. 25, 
01400003406|књ. 24, 
01400003405|књ. 23, 
01400003404|књ. 13, 
01400003403|књ. 12, 
01400003402|књ. 9, 
01400000375|Vol. 2, 
01400003401|књ. 8, 
01400004730|Књ. 10, 
01400000371|књ. 16, 
01400000374|Vol. 1, 
01400000370|књ. 15, 
01400013671|Књ. 30, 
01400013670|Књ. 29, 
01400012340|Књ. 34, 
01400012341|Књ. 34, 
01400013672|Књ. 31, 
01400000347|Књ. 1-3, 
01400001675|Нова серија, књига 19, 
01400004700|књ. 10, 
01400013669|Књ. 25-26, 
01400012339|Књ. 34, 
01400004719|Књ. 1-2 , 4 , 6+7/8+9-12, 
01400000357|Књ. 8, 
01400001688|Књ. 20, 
01400001689|књ. 27, 
01400001687|Књ. 19, 
01400001684|Knj. 15, 
01400001682|књ. 49, 
01400001683|Knj. 15, 
01400001680|Нова серија књ. 7, 
01400001681|књ. 48, 
01400013657|Књ. 28, 
01400013656|Књ. 27, 
01400013651|Књ. 13,
